filepath,category,split
graffiti_raw/2019-03-02 16.48.50 1991070573438738861_cargraffiti.jpg,graffiti,train
pothole_raw/Pothole Dataset/img-647.jpg,pothole,train
illegal_dumping_raw/trash120.jpg,illegal_dumping,train
pothole_raw/Pothole Dataset/img-930.jpg,pothole,train
pothole_raw/Pothole Dataset/img-785.jpg,pothole,train
graffiti_raw/2019-02-08 12.11.24 1974985864904050494_cargraffiti.jpg,graffiti,train
graffiti_raw/2019-10-26_20-44-20_UTC.jpg,graffiti,train
graffiti_raw/2019-06-01_04-22-44_UTC.jpg,graffiti,train
broken_streetlight_raw/WhatsApp Image 2024-03-05 at 21.24.33_afc1f914.jpg,broken_streetlight,train
pothole_raw/Pothole Dataset/img-35.jpg,pothole,train
broken_streetlight_raw/20240309_191915.jpg,broken_streetlight,train
broken_streetlight_raw/20240305_190911.jpg,broken_streetlight,train
pothole_raw/Pothole Dataset/img-514.jpg,pothole,train
pothole_raw/Pothole Dataset/img-608.jpg,pothole,train
cracked_sidewalk_raw/crack_with_moss_04.jpg,cracked_sidewalk,train
other_pool/n07920052_espresso.JPEG,other,train
graffiti_raw/2019-10-18_23-13-11_UTC.jpg,graffiti,train
other_pool/n01729322_hognose_snake.JPEG,other,train
illegal_dumping_raw/trash50.jpg,illegal_dumping,train
other_pool/n03485407_hand-held_computer.JPEG,other,train
pothole_raw/Pothole Dataset/img-146.jpg,pothole,train
other_pool/n01983481_American_lobster.JPEG,other,train
cracked_sidewalk_raw/pure_crack_25.jpg,cracked_sidewalk,train
graffiti_raw/2019-01-16 18.40.50 1958512042785536126_cargraffiti.jpg,graffiti,train
graffiti_raw/2019-10-25_20-53-58_UTC.jpg,graffiti,train
pothole_raw/Pothole Dataset/img-700.jpg,pothole,train
pothole_raw/Pothole Dataset/img-275.jpg,pothole,train
other_pool/n03908714_pencil_sharpener.JPEG,other,train
pothole_raw/Pothole Dataset/img-548.jpg,pothole,train
illegal_dumping_raw/trash48.jpg,illegal_dumping,train
graffiti_raw/2018-11-09 05.45.27 1908837021658656915_cargraffiti.jpg,graffiti,train
cracked_sidewalk_raw/noncrack_09.jpg,cracked_sidewalk,train
other_pool/n02492035_capuchin.JPEG,other,train
graffiti_raw/2019-10-25_17-26-50_UTC.jpg,graffiti,train
cracked_sidewalk_raw/pure_crack_16.jpg,cracked_sidewalk,train
illegal_dumping_raw/trash31.jpg,illegal_dumping,train
graffiti_raw/2019-10-28_04-34-47_UTC.jpg,graffiti,train
other_pool/n04461696_tow_truck.JPEG,other,train
graffiti_raw/2019-10-28_17-31-46_UTC.jpg,graffiti,train
broken_streetlight_raw/20240305_193102.jpg,broken_streetlight,train
cracked_sidewalk_raw/like_crack_52.jpg,cracked_sidewalk,train
other_pool/n02442845_mink.JPEG,other,train
graffiti_raw/2019-02-24_21-03-17_UTC.jpg,graffiti,train
graffiti_raw/2019-10-20_13-13-57_UTC_4.jpg,graffiti,train
broken_streetlight_raw/1709693294383.jpg,broken_streetlight,train
graffiti_raw/2019-10-08_22-08-49_UTC_3.jpg,graffiti,train
broken_streetlight_raw/IMG-20240228-WA0006.jpg,broken_streetlight,train
illegal_dumping_raw/trash15.jpg,illegal_dumping,train
graffiti_raw/2019-04-03 10.49.56 2014052555693703673_cargraffiti.jpg,graffiti,train
pothole_raw/Pothole Dataset/img-264.jpg,pothole,train
broken_streetlight_raw/IMG-20240303-WA0079.jpg,broken_streetlight,train
graffiti_raw/2019-10-26_12-00-34_UTC_5.jpg,graffiti,train
pothole_raw/Pothole Dataset/img-1240.jpg,pothole,train
pothole_raw/Pothole Dataset/img-455.jpg,pothole,train
broken_streetlight_raw/20240305_193053.jpg,broken_streetlight,train
graffiti_raw/2019-10-08_06-30-51_UTC_9.jpg,graffiti,train
broken_streetlight_raw/20240309_191711.jpg,broken_streetlight,train
pothole_raw/Pothole Dataset/img-7.jpg,pothole,train
graffiti_raw/2019-01-17 06.21.17 1958864586635781293_cargraffiti.jpg,graffiti,train
graffiti_raw/2019-10-28_11-07-58_UTC.jpg,graffiti,train
pothole_raw/Pothole Dataset/img-934.jpg,pothole,train
illegal_dumping_raw/trash59.jpg,illegal_dumping,train
graffiti_raw/2018-09-02 01.56.36 1859406896009000997_cargraffiti.jpg,graffiti,train
pothole_raw/Pothole Dataset/img-223.jpg,pothole,train
other_pool/n03141823_crutch.JPEG,other,train
illegal_dumping_raw/trash22.jpg,illegal_dumping,train
other_pool/n01530575_brambling.JPEG,other,train
pothole_raw/Pothole Dataset/img-114.jpg,pothole,train
broken_streetlight_raw/20240430_051136.jpg,broken_streetlight,train
pothole_raw/Pothole Dataset/img-636.jpg,pothole,train
other_pool/n01806567_quail.JPEG,other,train
pothole_raw/Pothole Dataset/img-682.jpg,pothole,train
graffiti_raw/2018-11-19 03.25.24 1916014288935659561_cargraffiti.jpg,graffiti,train
other_pool/n03710721_maillot.JPEG,other,train
other_pool/n03179701_desk.JPEG,other,train
pothole_raw/Pothole Dataset/img-593.jpg,pothole,train
other_pool/n03530642_honeycomb.JPEG,other,train
other_pool/n02514041_barracouta.JPEG,other,train
graffiti_raw/2019-02-08 04.07.54 1974742515254101827_cargraffiti.jpg,graffiti,train
illegal_dumping_raw/trash112.jpg,illegal_dumping,train
broken_streetlight_raw/no_wok.jpg,broken_streetlight,train
illegal_dumping_raw/trash5.jpg,illegal_dumping,train
broken_streetlight_raw/20240305_192541.jpg,broken_streetlight,train
broken_streetlight_raw/20240305_192722.jpg,broken_streetlight,train
broken_streetlight_raw/IMG_20240301_065537.jpg,broken_streetlight,train
broken_streetlight_raw/20240305_192132.jpg,broken_streetlight,train
illegal_dumping_raw/trash115.jpg,illegal_dumping,train
graffiti_raw/2019-10-13_13-48-57_UTC_6.jpg,graffiti,train
illegal_dumping_raw/trash57.jpg,illegal_dumping,train
pothole_raw/Pothole Dataset/img-280.jpg,pothole,train
graffiti_raw/2019-10-13_13-52-47_UTC.jpg,graffiti,train
graffiti_raw/2019-10-25_17-43-09_UTC.jpg,graffiti,train
broken_streetlight_raw/20240305_191236.jpg,broken_streetlight,train
graffiti_raw/2019-01-20 12.24.10 1961221556517909794_cargraffiti.jpg,graffiti,train
other_pool/n03788365_mosquito_net.JPEG,other,train
graffiti_raw/2018-09-16 02.59.13 1869584831837187762_cargraffiti.jpg,graffiti,train
broken_streetlight_raw/fault-2-a.jpg,broken_streetlight,train
broken_streetlight_raw/1710161617704.jpg,broken_streetlight,train
illegal_dumping_raw/trash46.jpg,illegal_dumping,train
pothole_raw/Pothole Dataset/img-1174.jpg,pothole,train
broken_streetlight_raw/IMG_20240301_065332.jpg,broken_streetlight,train
illegal_dumping_raw/trash30.jpg,illegal_dumping,train
pothole_raw/Pothole Dataset/img-148.jpg,pothole,train
graffiti_raw/2019-08-24_17-22-13_UTC.jpg,graffiti,train
illegal_dumping_raw/trash65.jpg,illegal_dumping,train
broken_streetlight_raw/IMG_20240301_063941.jpg,broken_streetlight,train
other_pool/n07579787_plate.JPEG,other,train
graffiti_raw/2018-11-03 11.59.44 1904646553717472991_cargraffiti.jpg,graffiti,train
pothole_raw/Pothole Dataset/img-29.jpg,pothole,train
broken_streetlight_raw/20240309_193521.jpg,broken_streetlight,train
graffiti_raw/2019-04-09 06.41.16 2018276051235868758_cargraffiti.jpg,graffiti,train
pothole_raw/Pothole Dataset/img-137.jpg,pothole,train
other_pool/n02342885_hamster.JPEG,other,train
illegal_dumping_raw/trash37.jpg,illegal_dumping,train
graffiti_raw/2019-08-24_06-46-23_UTC_2.jpg,graffiti,train
pothole_raw/Pothole Dataset/img-431.jpg,pothole,train
graffiti_raw/2018-10-08 13.21.32 1885843561329948528_cargraffiti.jpg,graffiti,train
broken_streetlight_raw/20240309_190703.jpg,broken_streetlight,train
pothole_raw/Pothole Dataset/img-837.jpg,pothole,train
pothole_raw/Pothole Dataset/img-162.jpg,pothole,train
broken_streetlight_raw/IMG20240307184613.jpg,broken_streetlight,train
broken_streetlight_raw/IMG-20240303-WA0078.jpg,broken_streetlight,train
graffiti_raw/2019-10-27_22-25-51_UTC_2.jpg,graffiti,train
illegal_dumping_raw/trash64.jpg,illegal_dumping,train
illegal_dumping_raw/trash8.jpg,illegal_dumping,train
graffiti_raw/2019-02-03 04.17.36 1971123516216902566_cargraffiti.jpg,graffiti,train
other_pool/n02403003_ox.JPEG,other,train
other_pool/n01768244_trilobite.JPEG,other,train
graffiti_raw/2019-01-22 01.56.56 1962355405225155749_cargraffiti.jpg,graffiti,train
broken_streetlight_raw/20240305_192757.jpg,broken_streetlight,train
graffiti_raw/2018-09-22 04.55.30 1873992448120995050_cargraffiti.jpg,graffiti,train
other_pool/n01807496_partridge.JPEG,other,train
cracked_sidewalk_raw/crack_noise_06.jpg,cracked_sidewalk,train
other_pool/n07873807_pizza.JPEG,other,train
broken_streetlight_raw/IMG-20240303-WA0076.jpg,broken_streetlight,train
pothole_raw/Pothole Dataset/img-343.jpg,pothole,train
broken_streetlight_raw/20240309_193146.jpg,broken_streetlight,train
broken_streetlight_raw/1710175966024.jpg,broken_streetlight,train
other_pool/n02025239_ruddy_turnstone.JPEG,other,train
pothole_raw/Pothole Dataset/img-193.jpg,pothole,train
graffiti_raw/2019-10-27_05-38-14_UTC.jpg,graffiti,train
graffiti_raw/2019-06-25_16-44-35_UTC.jpg,graffiti,train
illegal_dumping_raw/trash42.jpg,illegal_dumping,train
pothole_raw/Pothole Dataset/img-696.jpg,pothole,train
graffiti_raw/2018-10-21 05.02.26 1895005364854188083_cargraffiti.jpg,graffiti,train
illegal_dumping_raw/trash88.jpg,illegal_dumping,train
pothole_raw/Pothole Dataset/img-235.jpg,pothole,train
pothole_raw/Pothole Dataset/img-1049.jpg,pothole,train
cracked_sidewalk_raw/like_crack_02.jpg,cracked_sidewalk,train
graffiti_raw/2019-01-20 12.24.10 1961221556484417949_cargraffiti.jpg,graffiti,train
pothole_raw/Pothole Dataset/img-745.jpg,pothole,train
other_pool/n02167151_ground_beetle.JPEG,other,train
broken_streetlight_raw/IMG-20240228-WA0014.jpg,broken_streetlight,train
broken_streetlight_raw/1710175965762.jpg,broken_streetlight,train
graffiti_raw/2019-10-28_09-19-13_UTC_4.jpg,graffiti,train
broken_streetlight_raw/20240309_192856.jpg,broken_streetlight,train
other_pool/n03785016_moped.JPEG,other,train
pothole_raw/Pothole Dataset/img-829.jpg,pothole,train
illegal_dumping_raw/trash7.jpg,illegal_dumping,train
other_pool/n01734418_king_snake.JPEG,other,train
illegal_dumping_raw/trash11.jpg,illegal_dumping,train
pothole_raw/Pothole Dataset/img-645.jpg,pothole,train
pothole_raw/Pothole Dataset/img-585.jpg,pothole,train
graffiti_raw/2019-10-20_17-14-03_UTC.jpg,graffiti,train
pothole_raw/Pothole Dataset/img-490.jpg,pothole,train
pothole_raw/Pothole Dataset/img-65.jpg,pothole,train
graffiti_raw/2018-10-16 09.49.52 1891535229031534309_cargraffiti.jpg,graffiti,train
other_pool/n02102973_Irish_water_spaniel.JPEG,other,train
broken_streetlight_raw/20240305_190902.jpg,broken_streetlight,train
pothole_raw/Pothole Dataset/img-796.jpg,pothole,train
other_pool/n02101388_Brittany_spaniel.JPEG,other,train
broken_streetlight_raw/20240305_192944.jpg,broken_streetlight,train
other_pool/n03495258_harp.JPEG,other,train
other_pool/n01641577_bullfrog.JPEG,other,train
broken_streetlight_raw/IMG-20240301-WA0007.jpg,broken_streetlight,train
other_pool/n03903868_pedestal.JPEG,other,train
broken_streetlight_raw/20240309_193759.jpg,broken_streetlight,train
other_pool/n03594945_jeep.JPEG,other,train
broken_streetlight_raw/1710161617696.jpg,broken_streetlight,train
broken_streetlight_raw/20240305_191316.jpg,broken_streetlight,train
broken_streetlight_raw/20240305_192316.jpg,broken_streetlight,train
pothole_raw/Pothole Dataset/img-116.jpg,pothole,train
graffiti_raw/2018-08-30 07.23.06 1857391704133329877_cargraffiti.jpg,graffiti,train
other_pool/n04023962_punching_bag.JPEG,other,train
other_pool/n02641379_gar.JPEG,other,train
other_pool/n01592084_chickadee.JPEG,other,train
other_pool/n04456115_torch.JPEG,other,train
pothole_raw/Pothole Dataset/img-942.jpg,pothole,train
broken_streetlight_raw/20240305_191822.jpg,broken_streetlight,train
graffiti_raw/2019-09-10_20-48-39_UTC.jpg,graffiti,train
other_pool/n02086240_Shih-Tzu.JPEG,other,train
graffiti_raw/2019-08-31_07-35-47_UTC.jpg,graffiti,train
pothole_raw/Pothole Dataset/img-1131.jpg,pothole,train
illegal_dumping_raw/trash19.jpg,illegal_dumping,train
pothole_raw/Pothole Dataset/img-314.jpg,pothole,train
broken_streetlight_raw/1709693294364.jpg,broken_streetlight,train
cracked_sidewalk_raw/pure_crack_12.jpg,cracked_sidewalk,train
graffiti_raw/2019-10-14_09-06-46_UTC.jpg,graffiti,train
graffiti_raw/2018-08-09 12.04.54 1842318445381119615_cargraffiti.jpg,graffiti,train
broken_streetlight_raw/IMG-20240228-WA0013.jpg,broken_streetlight,train
broken_streetlight_raw/20240409_185653.jpg,broken_streetlight,train
other_pool/n01601694_water_ouzel.JPEG,other,train
other_pool/n01685808_whiptail.JPEG,other,train
broken_streetlight_raw/IMG-20240301-WA0003.jpg,broken_streetlight,train
pothole_raw/Pothole Dataset/img-175.jpg,pothole,train
pothole_raw/Pothole Dataset/img-661.jpg,pothole,train
graffiti_raw/2019-10-28_11-01-23_UTC_9.jpg,graffiti,train
other_pool/n01784675_centipede.JPEG,other,train
other_pool/n02109525_Saint_Bernard.JPEG,other,train
pothole_raw/Pothole Dataset/img-24.jpg,pothole,train
pothole_raw/Pothole Dataset/img-1058.jpg,pothole,train
pothole_raw/Pothole Dataset/img-435.jpg,pothole,train
pothole_raw/Pothole Dataset/img-635.jpg,pothole,train
other_pool/n03535780_horizontal_bar.JPEG,other,train
pothole_raw/Pothole Dataset/img-265.jpg,pothole,train
graffiti_raw/2018-11-09 05.45.27 1908837021633727949_cargraffiti.jpg,graffiti,train
broken_streetlight_raw/20240305_193420.jpg,broken_streetlight,train
graffiti_raw/2019-01-22 01.56.56 1962355405208245318_cargraffiti.jpg,graffiti,train
illegal_dumping_raw/trash124.jpg,illegal_dumping,train
broken_streetlight_raw/IMG_20240301_063926.jpg,broken_streetlight,train
pothole_raw/Pothole Dataset/img-735.jpg,pothole,train
illegal_dumping_raw/trash94.jpg,illegal_dumping,train
graffiti_raw/2019-01-21 01.20.41 1961612394119868440_cargraffiti.jpg,graffiti,train
pothole_raw/Pothole Dataset/img-434.jpg,pothole,train
graffiti_raw/2019-01-20 12.24.10 1961221556534668080_cargraffiti.jpg,graffiti,train
broken_streetlight_raw/WhatsApp Image 2024-03-05 at 21.23.59_01a0e8fd.jpg,broken_streetlight,train
illegal_dumping_raw/trash99.jpg,illegal_dumping,train
other_pool/n13054560_bolete.JPEG,other,train
other_pool/n03255030_dumbbell.JPEG,other,train
illegal_dumping_raw/trash123.jpg,illegal_dumping,train
illegal_dumping_raw/trash136.jpg,illegal_dumping,train
other_pool/n02236044_mantis.JPEG,other,train
other_pool/n01990800_isopod.JPEG,other,train
broken_streetlight_raw/20240305_193549.jpg,broken_streetlight,train
illegal_dumping_raw/trash41.jpg,illegal_dumping,train
pothole_raw/Pothole Dataset/img-15.jpg,pothole,train
graffiti_raw/2019-10-26_14-09-46_UTC.jpg,graffiti,train
other_pool/n03345487_fire_engine.JPEG,other,train
graffiti_raw/2019-08-29_23-19-56_UTC.jpg,graffiti,train
pothole_raw/Pothole Dataset/img-325.jpg,pothole,train
cracked_sidewalk_raw/pure_crack_29.jpg,cracked_sidewalk,train
other_pool/n01698640_American_alligator.JPEG,other,train
pothole_raw/Pothole Dataset/img-1025.jpg,pothole,train
pothole_raw/Pothole Dataset/img-425.jpg,pothole,train
broken_streetlight_raw/night.png,broken_streetlight,train
pothole_raw/Pothole Dataset/img-104.jpg,pothole,train
graffiti_raw/2019-01-20 04.59.42 1960997854404447931_cargraffiti.jpg,graffiti,train
other_pool/n02692877_airship.JPEG,other,train
graffiti_raw/2019-01-07 02.44.46 1951507855158267052_cargraffiti.jpg,graffiti,train
graffiti_raw/2019-02-01 18.38.22 1970107209548677062_cargraffiti.jpg,graffiti,train
broken_streetlight_raw/20240430_051238.jpg,broken_streetlight,train
graffiti_raw/2019-03-30 11.15.33 2011166342081762739_cargraffiti.jpg,graffiti,train
broken_streetlight_raw/1710175965977.jpg,broken_streetlight,train
broken_streetlight_raw/WhatsApp Image 2024-04-21 at 21.53.08_2372a343.jpg,broken_streetlight,train
other_pool/n04116512_rubber_eraser.JPEG,other,train
pothole_raw/Pothole Dataset/img-103.jpg,pothole,train
illegal_dumping_raw/trash90.jpg,illegal_dumping,train
pothole_raw/Pothole Dataset/img-21.jpg,pothole,train
other_pool/n02892201_brass.JPEG,other,train
broken_streetlight_raw/20240309_190815.jpg,broken_streetlight,train
cracked_sidewalk_raw/noncrack_01.jpg,cracked_sidewalk,train
pothole_raw/Pothole Dataset/img-129.jpg,pothole,train
other_pool/n02066245_grey_whale.JPEG,other,train
other_pool/n03717622_manhole_cover.JPEG,other,train
other_pool/n03450230_gown.JPEG,other,train
graffiti_raw/2018-09-06 06.22.14 1862439697129898044_cargraffiti.jpg,graffiti,train
pothole_raw/Pothole Dataset/img-818.jpg,pothole,train
pothole_raw/Pothole Dataset/img-963.jpg,pothole,train
pothole_raw/Pothole Dataset/img-560.jpg,pothole,train
other_pool/n01950731_sea_slug.JPEG,other,train
pothole_raw/Pothole Dataset/img-596.jpg,pothole,train
graffiti_raw/2019-04-10_12-25-03_UTC_2.jpg,graffiti,train
cracked_sidewalk_raw/pure_crack_27.jpg,cracked_sidewalk,train
graffiti_raw/2019-03-23 18.17.13 2006305150389460203_cargraffiti.jpg,graffiti,train
other_pool/n02708093_analog_clock.JPEG,other,train
graffiti_raw/2018-09-20 09.41.32 1872686843074926239_cargraffiti.jpg,graffiti,train
graffiti_raw/2019-10-27_19-04-59_UTC_2.jpg,graffiti,train
illegal_dumping_raw/trash45.jpg,illegal_dumping,train
other_pool/n03877845_palace.JPEG,other,train
graffiti_raw/2019-09-13_01-36-01_UTC.jpg,graffiti,train
broken_streetlight_raw/IMG_20240229_183012.jpg,broken_streetlight,train
broken_streetlight_raw/IMG-20240309-WA0037.jpg,broken_streetlight,train
other_pool/n03680355_Loafer.JPEG,other,train
cracked_sidewalk_raw/pure_crack_18.jpg,cracked_sidewalk,train
broken_streetlight_raw/1709693294178.jpg,broken_streetlight,train
graffiti_raw/2018-08-30 07.23.06 1857391795459887877_cargraffiti.jpg,graffiti,train
broken_streetlight_raw/20240305_192404.jpg,broken_streetlight,train
graffiti_raw/2019-10-28_09-19-13_UTC_1.jpg,graffiti,train
broken_streetlight_raw/IMG-20240303-WA0075.jpg,broken_streetlight,train
other_pool/n02106166_Border_collie.JPEG,other,train
pothole_raw/Pothole Dataset/img-820.jpg,pothole,train
pothole_raw/Pothole Dataset/img-522.jpg,pothole,train
broken_streetlight_raw/20240309_193423.jpg,broken_streetlight,train
illegal_dumping_raw/trash97.jpg,illegal_dumping,train
other_pool/n04552348_warplane.JPEG,other,train
pothole_raw/Pothole Dataset/img-1007.jpg,pothole,train
graffiti_raw/2019-10-27_20-43-35_UTC.jpg,graffiti,train
illegal_dumping_raw/trash74.jpg,illegal_dumping,train
other_pool/n02093647_Bedlington_terrier.JPEG,other,train
graffiti_raw/2018-08-24 08.01.23 1853063879975551046_cargraffiti.jpg,graffiti,train
pothole_raw/Pothole Dataset/img-237.jpg,pothole,train
broken_streetlight_raw/IMG-20240228-WA0012.jpg,broken_streetlight,train
pothole_raw/Pothole Dataset/img-333.jpg,pothole,train
pothole_raw/Pothole Dataset/img-881.jpg,pothole,train
other_pool/n02268443_dragonfly.JPEG,other,train
broken_streetlight_raw/20240309_191156.jpg,broken_streetlight,train
illegal_dumping_raw/trash43.jpg,illegal_dumping,train
broken_streetlight_raw/IMG-20240309-WA0038.jpg,broken_streetlight,train
other_pool/n03196217_digital_clock.JPEG,other,train
other_pool/n04131690_saltshaker.JPEG,other,train
pothole_raw/Pothole Dataset/img-468.jpg,pothole,train
broken_streetlight_raw/WhatsApp Image 2024-03-05 at 21.24.05_59799d6f.jpg,broken_streetlight,train
pothole_raw/Pothole Dataset/img-945.jpg,pothole,train
graffiti_raw/2018-12-25 09.08.19 1942278813299867379_cargraffiti.jpg,graffiti,train
pothole_raw/Pothole Dataset/img-975.jpg,pothole,train
illegal_dumping_raw/trash25.jpg,illegal_dumping,train
pothole_raw/Pothole Dataset/img-610.jpg,pothole,train
pothole_raw/Pothole Dataset/img-1001.jpg,pothole,train
broken_streetlight_raw/20240309_192720.jpg,broken_streetlight,train
other_pool/n03843555_oil_filter.JPEG,other,train
broken_streetlight_raw/IMG-20240228-WA0016.jpg,broken_streetlight,train
pothole_raw/Pothole Dataset/img-507.jpg,pothole,train
broken_streetlight_raw/20240309_192419.jpg,broken_streetlight,train
other_pool/n02870880_bookcase.JPEG,other,train
other_pool/n03991062_pot.JPEG,other,train
pothole_raw/Pothole Dataset/img-746.jpg,pothole,train
graffiti_raw/2018-07-09 02.29.57 1819561018075764768_cargraffiti.jpg,graffiti,train
illegal_dumping_raw/trash62.jpg,illegal_dumping,train
pothole_raw/Pothole Dataset/img-582.jpg,pothole,train
other_pool/n01735189_garter_snake.JPEG,other,train
pothole_raw/Pothole Dataset/img-462.jpg,pothole,train
graffiti_raw/2018-11-08 02.12.09 1908004896825762899_cargraffiti.jpg,graffiti,train
pothole_raw/Pothole Dataset/img-122.jpg,pothole,train
broken_streetlight_raw/20240309_192057.jpg,broken_streetlight,train
graffiti_raw/2018-12-05 10.27.34 1927823189048986898_cargraffiti.jpg,graffiti,train
broken_streetlight_raw/20240309_193159.jpg,broken_streetlight,train
graffiti_raw/2018-11-22 09.43.00 1918377147309517069_cargraffiti.jpg,graffiti,train
graffiti_raw/2019-03-22_18-15-35_UTC.jpg,graffiti,train
broken_streetlight_raw/20240309_191555.jpg,broken_streetlight,train
cracked_sidewalk_raw/crack_in_large_context_04.jpg,cracked_sidewalk,train
graffiti_raw/2018-11-22 09.43.00 1918378675351406278_cargraffiti.jpg,graffiti,train
illegal_dumping_raw/trash44.jpg,illegal_dumping,train
illegal_dumping_raw/trash111.jpg,illegal_dumping,train
graffiti_raw/2019-01-23 15.37.12 1963489864121166526_cargraffiti.jpg,graffiti,train
broken_streetlight_raw/IMG-20240301-WA0006.jpg,broken_streetlight,train
other_pool/n04243546_slot.JPEG,other,train
graffiti_raw/2018-11-09 15.11.54 1909122129698467747_cargraffiti.jpg,graffiti,train
broken_streetlight_raw/20240309_191838.jpg,broken_streetlight,train
illegal_dumping_raw/trash104.jpg,illegal_dumping,train
other_pool/n02100877_Irish_setter.JPEG,other,train
graffiti_raw/2018-09-07 22.54.27 1863663871618701274_cargraffiti.jpg,graffiti,train
graffiti_raw/2019-09-03_06-23-20_UTC.jpg,graffiti,train
other_pool/n04228054_ski.JPEG,other,train
pothole_raw/Pothole Dataset/img-1179.jpg,pothole,train
cracked_sidewalk_raw/pure_crack_06.jpg,cracked_sidewalk,train
pothole_raw/Pothole Dataset/img-797.jpg,pothole,train
graffiti_raw/2018-10-16 09.46.51 1891533709888150772_cargraffiti.jpg,graffiti,train
other_pool/n03534580_hoopskirt.JPEG,other,train
other_pool/n03271574_electric_fan.JPEG,other,train
broken_streetlight_raw/1710175965814.jpg,broken_streetlight,train
other_pool/n02787622_banjo.JPEG,other,train
graffiti_raw/2018-11-16 05.39.57 1913907685112635836_cargraffiti.jpg,graffiti,train
broken_streetlight_raw/20240305_191251.jpg,broken_streetlight,train
broken_streetlight_raw/20240309_192738.jpg,broken_streetlight,train
broken_streetlight_raw/20240305_190702.jpg,broken_streetlight,train
broken_streetlight_raw/1710161617748.jpg,broken_streetlight,train
broken_streetlight_raw/20240309_192437.jpg,broken_streetlight,train
graffiti_raw/2018-07-11 12.52.02 1821323671974025729_cargraffiti.jpg,graffiti,train
other_pool/n04259630_sombrero.JPEG,other,train
other_pool/n03743016_megalith.JPEG,other,train
graffiti_raw/2019-10-19_17-41-55_UTC.jpg,graffiti,train
broken_streetlight_raw/20240309_192536.jpg,broken_streetlight,train
broken_streetlight_raw/20240430_052020.jpg,broken_streetlight,train
broken_streetlight_raw/20240305_193520.jpg,broken_streetlight,train
broken_streetlight_raw/IMG-20240303-WA0070.jpg,broken_streetlight,train
pothole_raw/Pothole Dataset/img-935.jpg,pothole,train
cracked_sidewalk_raw/pure_crack_111.jpg,cracked_sidewalk,train
other_pool/n03000134_chainlink_fence.JPEG,other,train
graffiti_raw/2018-07-10 10.44.52 1820534889997812032_cargraffiti.jpg,graffiti,train
pothole_raw/Pothole Dataset/img-1079.jpg,pothole,train
graffiti_raw/2018-10-06 23.19.48 1884695125277715644_cargraffiti.jpg,graffiti,train
illegal_dumping_raw/trash77.jpg,illegal_dumping,train
graffiti_raw/2018-07-25 10.32.21 1831400226750754994_cargraffiti.jpg,graffiti,train
broken_streetlight_raw/1710175965844.jpg,broken_streetlight,train
other_pool/n02087394_Rhodesian_ridgeback.JPEG,other,train
other_pool/n04335435_streetcar.JPEG,other,train
pothole_raw/Pothole Dataset/img-153.jpg,pothole,train
graffiti_raw/2018-11-19 03.25.24 1916014288943986550_cargraffiti.jpg,graffiti,train
pothole_raw/Pothole Dataset/img-415.jpg,pothole,train
pothole_raw/Pothole Dataset/img-310.jpg,pothole,train
illegal_dumping_raw/trash56.jpg,illegal_dumping,train
broken_streetlight_raw/20240305_193127.jpg,broken_streetlight,train
pothole_raw/Pothole Dataset/img-545.jpg,pothole,train
other_pool/n04435653_tile_roof.JPEG,other,train
other_pool/n01978287_Dungeness_crab.JPEG,other,train
cracked_sidewalk_raw/pure_crack_09.jpg,cracked_sidewalk,train
pothole_raw/Pothole Dataset/img-370.jpg,pothole,train
cracked_sidewalk_raw/noncrack_04.jpg,cracked_sidewalk,train
illegal_dumping_raw/trash127.jpg,illegal_dumping,train
illegal_dumping_raw/trash17.jpg,illegal_dumping,train
other_pool/n02096585_Boston_bull.JPEG,other,train
graffiti_raw/2018-08-13 09.10.45 1845129895337031041_cargraffiti.jpg,graffiti,train
pothole_raw/Pothole Dataset/img-44.jpg,pothole,train
pothole_raw/Pothole Dataset/img-218.jpg,pothole,train
graffiti_raw/2019-10-21_16-45-38_UTC.jpg,graffiti,train
graffiti_raw/2019-10-18_06-27-56_UTC_2.jpg,graffiti,train
cracked_sidewalk_raw/like_crack_111.jpg,cracked_sidewalk,train
other_pool/n02687172_aircraft_carrier.JPEG,other,train
graffiti_raw/2019-10-08_14-57-58_UTC_3.jpg,graffiti,train
other_pool/n03895866_passenger_car.JPEG,other,train
cracked_sidewalk_raw/like_crack_05.jpg,cracked_sidewalk,train
pothole_raw/Pothole Dataset/img-1048.jpg,pothole,train
illegal_dumping_raw/trash89.jpg,illegal_dumping,train
graffiti_raw/2019-01-23 15.37.12 1963489875261213201_cargraffiti.jpg,graffiti,train
pothole_raw/Pothole Dataset/img-928.jpg,pothole,train
pothole_raw/Pothole Dataset/img-967.jpg,pothole,train
broken_streetlight_raw/20240305_193316.jpg,broken_streetlight,train
pothole_raw/Pothole Dataset/img-531.jpg,pothole,train
other_pool/n01440764_tench.JPEG,other,train
graffiti_raw/2019-10-27_08-03-40_UTC.jpg,graffiti,train
graffiti_raw/2019-03-02 16.48.50 1991070578077785266_cargraffiti.jpg,graffiti,train
cracked_sidewalk_raw/like_crack_53.jpg,cracked_sidewalk,train
broken_streetlight_raw/IMG_20240301_065153.jpg,broken_streetlight,train
broken_streetlight_raw/1710175965909.jpg,broken_streetlight,train
graffiti_raw/2019-02-24_04-22-33_UTC.jpg,graffiti,train
broken_streetlight_raw/20240305_190357.jpg,broken_streetlight,train
pothole_raw/Pothole Dataset/img-940.jpg,pothole,train
pothole_raw/Pothole Dataset/img-1012.jpg,pothole,train
broken_streetlight_raw/20240305_192357.jpg,broken_streetlight,train
broken_streetlight_raw/20240309_191705.jpg,broken_streetlight,train
illegal_dumping_raw/trash83.jpg,illegal_dumping,train
broken_streetlight_raw/IMG-20240228-WA0003.jpg,broken_streetlight,train
broken_streetlight_raw/1710175966029.jpg,broken_streetlight,train
graffiti_raw/2019-10-13_14-58-26_UTC_3.jpg,graffiti,train
cracked_sidewalk_raw/noncrack_02.jpg,cracked_sidewalk,train
graffiti_raw/2018-11-19 03.25.24 1916014291427207254_cargraffiti.jpg,graffiti,train
broken_streetlight_raw/IMG_20240301_065507.jpg,broken_streetlight,train
broken_streetlight_raw/1710161617737.jpg,broken_streetlight,train
pothole_raw/Pothole Dataset/img-895.jpg,pothole,train
illegal_dumping_raw/trash106.jpg,illegal_dumping,train
graffiti_raw/2019-10-26_06-55-24_UTC_2.jpg,graffiti,train
cracked_sidewalk_raw/like_crack_120.jpg,cracked_sidewalk,train
pothole_raw/Pothole Dataset/img-460.jpg,pothole,train
pothole_raw/Pothole Dataset/img-1027.jpg,pothole,train
pothole_raw/Pothole Dataset/img-923.jpg,pothole,train
illegal_dumping_raw/trash49.jpg,illegal_dumping,train
illegal_dumping_raw/trash14.jpg,illegal_dumping,train
graffiti_raw/2019-08-30_13-54-38_UTC.jpg,graffiti,train
other_pool/n02006656_spoonbill.JPEG,other,train
cracked_sidewalk_raw/pure_crack_05.jpg,cracked_sidewalk,train
cracked_sidewalk_raw/crack_noise_04.jpg,cracked_sidewalk,train
other_pool/n02013706_limpkin.JPEG,other,train
pothole_raw/Pothole Dataset/img-423.jpg,pothole,train
pothole_raw/Pothole Dataset/img-946.jpg,pothole,train
pothole_raw/Pothole Dataset/img-1042.jpg,pothole,train
other_pool/n03527444_holster.JPEG,other,train
illegal_dumping_raw/trash98.jpg,illegal_dumping,train
cracked_sidewalk_raw/crack_in_large_context_01.JPG,cracked_sidewalk,train
other_pool/n01689811_alligator_lizard.JPEG,other,train
broken_streetlight_raw/1710175965927.jpg,broken_streetlight,train
pothole_raw/Pothole Dataset/img-381.jpg,pothole,train
broken_streetlight_raw/1709693388242.jpg,broken_streetlight,train
other_pool/n03866082_overskirt.JPEG,other,train
graffiti_raw/2018-09-13 15.29.44 1867788689221307685_cargraffiti.jpg,graffiti,train
pothole_raw/Pothole Dataset/img-401.jpg,pothole,train
graffiti_raw/2018-07-30 10.52.06 1835034045195270427_cargraffiti.jpg,graffiti,train
graffiti_raw/2019-09-05_10-40-30_UTC.jpg,graffiti,train
graffiti_raw/2019-10-13_13-48-57_UTC_3.jpg,graffiti,train
illegal_dumping_raw/trash122.jpg,illegal_dumping,train
graffiti_raw/2019-10-22_09-58-45_UTC_3.jpg,graffiti,train
other_pool/n02093256_Staffordshire_bullterrier.JPEG,other,train
graffiti_raw/2019-09-16_01-45-45_UTC.jpg,graffiti,train
illegal_dumping_raw/trash2.jpg,illegal_dumping,train
other_pool/n04355933_sunglass.JPEG,other,train
pothole_raw/Pothole Dataset/img-1043.jpg,pothole,train
broken_streetlight_raw/IMG20240307184611.jpg,broken_streetlight,train
graffiti_raw/2019-03-12 14.26.18 1998216395464255206_cargraffiti.jpg,graffiti,train
broken_streetlight_raw/20240305_193322.jpg,broken_streetlight,train
graffiti_raw/2019-10-19_18-42-26_UTC.jpg,graffiti,train
pothole_raw/Pothole Dataset/img-922.jpg,pothole,train
graffiti_raw/2018-07-10 20.20.20 1820824531386157852_cargraffiti.jpg,graffiti,train
other_pool/n02106662_German_shepherd.JPEG,other,train
broken_streetlight_raw/20240305_191601.jpg,broken_streetlight,train
graffiti_raw/2019-03-06 21.05.37 1994098919698563965_cargraffiti.jpg,graffiti,train
pothole_raw/Pothole Dataset/img-398.jpg,pothole,train
other_pool/n01514668_cock.JPEG,other,train
graffiti_raw/2015-12-01 12.26.07 1130629554560784642_cargraffiti.jpg,graffiti,train
pothole_raw/Pothole Dataset/img-337.jpg,pothole,train
broken_streetlight_raw/20240309_193046.jpg,broken_streetlight,train
broken_streetlight_raw/1710161617721.jpg,broken_streetlight,train
other_pool/n02777292_balance_beam.JPEG,other,train
pothole_raw/Pothole Dataset/img-705.jpg,pothole,train
graffiti_raw/2018-06-30 21.13.41 1813603622047486250_cargraffiti.jpg,graffiti,train
pothole_raw/Pothole Dataset/img-524.jpg,pothole,train
broken_streetlight_raw/20240309_193627.jpg,broken_streetlight,train
pothole_raw/Pothole Dataset/img-871.jpg,pothole,train
other_pool/n02088238_basset.JPEG,other,train
cracked_sidewalk_raw/pure_crack_01.jpg,cracked_sidewalk,train
other_pool/n01677366_common_iguana.JPEG,other,train
pothole_raw/Pothole Dataset/img-543.jpg,pothole,train
graffiti_raw/2019-10-26_19-22-04_UTC_5.jpg,graffiti,train
pothole_raw/Pothole Dataset/img-529.jpg,pothole,train
pothole_raw/Pothole Dataset/img-305.jpg,pothole,train
broken_streetlight_raw/IMG_20240229_221747.jpg,broken_streetlight,train
other_pool/n02690373_airliner.JPEG,other,train
broken_streetlight_raw/1710161617716.jpg,broken_streetlight,train
other_pool/n04380533_table_lamp.JPEG,other,train
broken_streetlight_raw/20240309_192356.jpg,broken_streetlight,train
other_pool/n04317175_stethoscope.JPEG,other,train
broken_streetlight_raw/WhatsApp Image 2024-03-03 at 22.57.07_23f76bd5.jpg,broken_streetlight,train
pothole_raw/Pothole Dataset/img-730.jpg,pothole,train
pothole_raw/Pothole Dataset/img-456.jpg,pothole,train
pothole_raw/Pothole Dataset/img-178.jpg,pothole,train
broken_streetlight_raw/IMG_20240301_065309.jpg,broken_streetlight,train
broken_streetlight_raw/IMG_20240301_065553.jpg,broken_streetlight,train
other_pool/n04350905_suit.JPEG,other,train
illegal_dumping_raw/trash79.jpg,illegal_dumping,train
broken_streetlight_raw/1710175965737.jpg,broken_streetlight,train
graffiti_raw/2018-10-04 12.17.29 1882912220615357661_cargraffiti.jpg,graffiti,train
graffiti_raw/2018-09-27 10.21.21 1877780338609697058_cargraffiti.jpg,graffiti,train
other_pool/n03394916_French_horn.JPEG,other,train
broken_streetlight_raw/20240309_192951.jpg,broken_streetlight,train
other_pool/n04147183_schooner.JPEG,other,train
other_pool/n09193705_alp.JPEG,other,train
other_pool/n03976657_pole.JPEG,other,train
other_pool/n01775062_wolf_spider.JPEG,other,train
graffiti_raw/2018-12-24 04.59.18 1941428704232376618_cargraffiti.jpg,graffiti,train
other_pool/n04589890_window_screen.JPEG,other,train
pothole_raw/Pothole Dataset/img-228.jpg,pothole,train
pothole_raw/Pothole Dataset/img-1105.jpg,pothole,train
other_pool/n03788195_mosque.JPEG,other,train
pothole_raw/Pothole Dataset/img-555.jpg,pothole,train
other_pool/n04540053_volleyball.JPEG,other,train
illegal_dumping_raw/trash1.jpg,illegal_dumping,train
graffiti_raw/2018-11-13 04.01.00 1911683556774942737_cargraffiti.jpg,graffiti,train
other_pool/n03916031_perfume.JPEG,other,train
broken_streetlight_raw/20240305_193619.jpg,broken_streetlight,train
broken_streetlight_raw/1710175966034.jpg,broken_streetlight,train
other_pool/n02536864_coho.JPEG,other,train
other_pool/n02100236_German_short-haired_pointer.JPEG,other,train
pothole_raw/Pothole Dataset/img-1064.jpg,pothole,train
broken_streetlight_raw/20240309_191250.jpg,broken_streetlight,train
other_pool/n02092339_Weimaraner.JPEG,other,train
illegal_dumping_raw/trash24.jpg,illegal_dumping,train
broken_streetlight_raw/20240309_193623.jpg,broken_streetlight,train
pothole_raw/Pothole Dataset/img-1013.jpg,pothole,train
pothole_raw/Pothole Dataset/img-667.jpg,pothole,train
graffiti_raw/2019-10-28_11-01-23_UTC_4.jpg,graffiti,train
pothole_raw/Pothole Dataset/img-105.jpg,pothole,train
pothole_raw/Pothole Dataset/img-394.jpg,pothole,train
illegal_dumping_raw/trash119.jpg,illegal_dumping,train
graffiti_raw/2018-11-22 09.43.00 1918377162828561230_cargraffiti.jpg,graffiti,train
graffiti_raw/2019-08-23_05-20-36_UTC.jpg,graffiti,train
other_pool/n02099429_curly-coated_retriever.JPEG,other,train
pothole_raw/Pothole Dataset/img-821.jpg,pothole,train
pothole_raw/Pothole Dataset/img-341.jpg,pothole,train
broken_streetlight_raw/WhatsApp Image 2024-03-05 at 21.24.33_d57e96a3.jpg,broken_streetlight,train
cracked_sidewalk_raw/pure_crack_03.jpg,cracked_sidewalk,train
cracked_sidewalk_raw/noncrack_05.jpg,cracked_sidewalk,train
pothole_raw/Pothole Dataset/img-144.jpg,pothole,train
other_pool/n02112706_Brabancon_griffon.JPEG,other,train
other_pool/n04009552_projector.JPEG,other,train
pothole_raw/Pothole Dataset/img-295.jpg,pothole,train
broken_streetlight_raw/IMG_20240229_221734.jpg,broken_streetlight,train
other_pool/n07248320_book_jacket.JPEG,other,train
pothole_raw/Pothole Dataset/img-1158.jpg,pothole,train
graffiti_raw/2018-10-18 20.22.01 1893302950170005690_cargraffiti.jpg,graffiti,train
broken_streetlight_raw/20240309_191546.jpg,broken_streetlight,train
cracked_sidewalk_raw/pure_crack_02.jpg,cracked_sidewalk,train
graffiti_raw/2019-10-26_02-28-58_UTC.jpg,graffiti,train
graffiti_raw/2019-04-12 08.17.24 2020498770639661812_cargraffiti.jpg,graffiti,train
pothole_raw/Pothole Dataset/img-530.jpg,pothole,train
broken_streetlight_raw/20240309_193958.jpg,broken_streetlight,train
pothole_raw/Pothole Dataset/img-791.jpg,pothole,train
other_pool/n02090622_borzoi.JPEG,other,train
pothole_raw/Pothole Dataset/img-763.jpg,pothole,train
graffiti_raw/2019-01-18 03.06.04 1959491108397767292_cargraffiti.jpg,graffiti,train
graffiti_raw/2019-02-26 14.24.18 1988098724076912926_cargraffiti.jpg,graffiti,train
other_pool/n04542943_waffle_iron.JPEG,other,train
broken_streetlight_raw/20240302_051154.jpg,broken_streetlight,train
other_pool/n03773504_missile.JPEG,other,train
other_pool/n02127052_lynx.JPEG,other,train
pothole_raw/Pothole Dataset/img-544.jpg,pothole,train
other_pool/n01843065_jacamar.JPEG,other,train
graffiti_raw/2019-08-18_20-21-25_UTC.jpg,graffiti,train
graffiti_raw/2019-03-03_17-33-12_UTC.jpg,graffiti,train
graffiti_raw/2019-08-25_07-16-34_UTC.jpg,graffiti,train
illegal_dumping_raw/trash26.jpg,illegal_dumping,train
graffiti_raw/2019-09-04_18-34-32_UTC.jpg,graffiti,train
graffiti_raw/2019-02-27 00.13.18 1988395174657896276_cargraffiti.jpg,graffiti,train
pothole_raw/Pothole Dataset/img-1032.jpg,pothole,train
pothole_raw/Pothole Dataset/img-1018.jpg,pothole,train
broken_streetlight_raw/WhatsApp Image 2024-03-05 at 21.24.33_65302b3b.jpg,broken_streetlight,train
broken_streetlight_raw/20240305_192308.jpg,broken_streetlight,train
pothole_raw/Pothole Dataset/img-936.jpg,pothole,train
broken_streetlight_raw/20240309_193126.jpg,broken_streetlight,train
broken_streetlight_raw/1709693388235.jpg,broken_streetlight,train
other_pool/n03980874_poncho.JPEG,other,train
cracked_sidewalk_raw/noncrack_06.jpg,cracked_sidewalk,train
other_pool/n04204238_shopping_basket.JPEG,other,train
illegal_dumping_raw/trash137.jpg,illegal_dumping,train
graffiti_raw/2019-10-08_06-30-51_UTC_7.jpg,graffiti,train
broken_streetlight_raw/20240305_192648.jpg,broken_streetlight,train
pothole_raw/Pothole Dataset/img-586.jpg,pothole,train
pothole_raw/Pothole Dataset/img-183.jpg,pothole,train
broken_streetlight_raw/IMG_20240301_065214.jpg,broken_streetlight,train
other_pool/n02417914_ibex.JPEG,other,train
graffiti_raw/2019-08-20_14-30-14_UTC.jpg,graffiti,train
cracked_sidewalk_raw/crack_noise_02.jpg,cracked_sidewalk,train
other_pool/n02086079_Pekinese.JPEG,other,train
graffiti_raw/2018-08-06 04.39.10 1839919390993629008_cargraffiti.jpg,graffiti,train
other_pool/n02655020_puffer.JPEG,other,train
pothole_raw/Pothole Dataset/img-699.jpg,pothole,train
other_pool/n02879718_bow.JPEG,other,train
broken_streetlight_raw/20240309_191907.jpg,broken_streetlight,train
other_pool/n04285008_sports_car.JPEG,other,train
pothole_raw/Pothole Dataset/img-1081.jpg,pothole,train
graffiti_raw/2019-10-28_00-28-25_UTC_3.jpg,graffiti,train
graffiti_raw/2019-10-08_06-30-51_UTC_8.jpg,graffiti,train
illegal_dumping_raw/trash54.jpg,illegal_dumping,train
illegal_dumping_raw/trash63.jpg,illegal_dumping,train
broken_streetlight_raw/20240309_192515.jpg,broken_streetlight,train
broken_streetlight_raw/20240309_192945.jpg,broken_streetlight,train
illegal_dumping_raw/trash102.jpg,illegal_dumping,train
broken_streetlight_raw/20240309_191702.jpg,broken_streetlight,train
broken_streetlight_raw/1709693294375.jpg,broken_streetlight,train
other_pool/n02089078_black-and-tan_coonhound.JPEG,other,train
graffiti_raw/2019-09-01_07-13-43_UTC.jpg,graffiti,train
other_pool/n01847000_drake.JPEG,other,train
illegal_dumping_raw/trash135.jpg,illegal_dumping,train
graffiti_raw/2019-10-11_10-30-27_UTC_2.jpg,graffiti,train
pothole_raw/Pothole Dataset/img-627.jpg,pothole,train
pothole_raw/Pothole Dataset/img-876.jpg,pothole,train
graffiti_raw/2019-09-18_16-46-03_UTC.jpg,graffiti,train
illegal_dumping_raw/trash126.jpg,illegal_dumping,train
graffiti_raw/2019-03-06_19-20-01_UTC_1.jpg,graffiti,train
graffiti_raw/2018-10-26 19.06.56 1899063364066044103_cargraffiti.jpg,graffiti,train
broken_streetlight_raw/20240409_185837.jpg,broken_streetlight,train
broken_streetlight_raw/20240309_190751.jpg,broken_streetlight,train
pothole_raw/Pothole Dataset/img-379.jpg,pothole,train
graffiti_raw/2018-12-10 11.56.57 1931492055558069026_cargraffiti.jpg,graffiti,train
pothole_raw/Pothole Dataset/img-206.jpg,pothole,train
pothole_raw/Pothole Dataset/img-1142.jpg,pothole,train
graffiti_raw/2018-11-09 05.45.27 1908837025039407268_cargraffiti.jpg,graffiti,train
graffiti_raw/2019-10-18_23-10-43_UTC_2.jpg,graffiti,train
other_pool/n02909870_bucket.JPEG,other,train
other_pool/n01749939_green_mamba.JPEG,other,train
broken_streetlight_raw/1710161617711.jpg,broken_streetlight,train
graffiti_raw/2019-04-18 07.47.35 2024832415651615814_cargraffiti.jpg,graffiti,train
pothole_raw/Pothole Dataset/img-131.jpg,pothole,train
broken_streetlight_raw/20240309_193412.jpg,broken_streetlight,train
other_pool/n01943899_conch.JPEG,other,train
cracked_sidewalk_raw/like_crack_202.jpg,cracked_sidewalk,train
illegal_dumping_raw/trash36.jpg,illegal_dumping,train
cracked_sidewalk_raw/pure_crack_14.jpg,cracked_sidewalk,train
graffiti_raw/2018-09-14 04.39.10 1868186022685685968_cargraffiti.jpg,graffiti,train
graffiti_raw/2019-10-28_09-19-13_UTC_5.jpg,graffiti,train
cracked_sidewalk_raw/pure_crack_177.jpg,cracked_sidewalk,train
other_pool/n02808304_bath_towel.JPEG,other,train
pothole_raw/Pothole Dataset/img-71.jpg,pothole,train
cracked_sidewalk_raw/like_crack_07.jpg,cracked_sidewalk,train
graffiti_raw/2018-10-16 09.58.51 1891539750944201579_cargraffiti.jpg,graffiti,train
other_pool/n03710637_maillot.JPEG,other,train
other_pool/n02965783_car_mirror.JPEG,other,train
pothole_raw/Pothole Dataset/img-1017.jpg,pothole,train
pothole_raw/Pothole Dataset/img-911.jpg,pothole,train
broken_streetlight_raw/20240305_193310.jpg,broken_streetlight,train
illegal_dumping_raw/trash47.jpg,illegal_dumping,train
graffiti_raw/2018-06-14 00.03.41 1801368002497480325_cargraffiti.jpg,graffiti,train
other_pool/n02113712_miniature_poodle.JPEG,other,train
broken_streetlight_raw/1710175965828.jpg,broken_streetlight,train
illegal_dumping_raw/trash81.jpg,illegal_dumping,train
pothole_raw/Pothole Dataset/img-355.jpg,pothole,train
graffiti_raw/2019-08-20_11-21-41_UTC.jpg,graffiti,train
graffiti_raw/2019-02-27 00.13.18 1988395174607568031_cargraffiti.jpg,graffiti,train
illegal_dumping_raw/trash103.jpg,illegal_dumping,train
illegal_dumping_raw/trash116.jpg,illegal_dumping,train
pothole_raw/Pothole Dataset/img-1070.jpg,pothole,train
other_pool/n02966687_carpenter's_kit.JPEG,other,train
broken_streetlight_raw/WhatsApp Image 2024-03-09 at 20.40.33_0b3247b3.jpg,broken_streetlight,train
pothole_raw/Pothole Dataset/img-1071.jpg,pothole,train
broken_streetlight_raw/IMG-20240301-WA0004.jpg,broken_streetlight,train
graffiti_raw/2018-09-16 02.59.13 1869584827902882128_cargraffiti.jpg,graffiti,train
other_pool/n02871525_bookshop.JPEG,other,train
illegal_dumping_raw/trash113.jpg,illegal_dumping,train
other_pool/n02346627_porcupine.JPEG,other,train
cracked_sidewalk_raw/like_crack_01.jpg,cracked_sidewalk,train
other_pool/n07802026_hay.JPEG,other,train
other_pool/n01882714_koala.JPEG,other,train
cracked_sidewalk_raw/like_crack_08.jpg,cracked_sidewalk,train
graffiti_raw/2019-01-20 12.32.37 1961225807720850576_cargraffiti.jpg,graffiti,train
cracked_sidewalk_raw/noncrack_07.jpg,cracked_sidewalk,train
other_pool/n03908618_pencil_box.JPEG,other,train
broken_streetlight_raw/IMG-20240303-WA0067.jpg,broken_streetlight,train
cracked_sidewalk_raw/like_crack_201.jpg,cracked_sidewalk,train
broken_streetlight_raw/20240305_191447.jpg,broken_streetlight,train
other_pool/n02422699_impala.JPEG,other,train
other_pool/n02102480_Sussex_spaniel.JPEG,other,train
broken_streetlight_raw/20240305_192611.jpg,broken_streetlight,train
illegal_dumping_raw/trash73.jpg,illegal_dumping,train
graffiti_raw/2019-10-27_15-11-54_UTC.jpg,graffiti,train
pothole_raw/Pothole Dataset/img-937.jpg,pothole,train
pothole_raw/Pothole Dataset/img-811.jpg,pothole,train
graffiti_raw/2019-03-03_17-06-57_UTC_3.jpg,graffiti,train
graffiti_raw/2019-10-11_10-00-35_UTC.jpg,graffiti,train
graffiti_raw/2018-08-02 14.51.17 1837325331871324772_cargraffiti.jpg,graffiti,train
illegal_dumping_raw/trash28.jpg,illegal_dumping,train
broken_streetlight_raw/20240305_192124.jpg,broken_streetlight,train
graffiti_raw/2019-02-17 12.30.48 1981518620581517504_cargraffiti.jpg,graffiti,train
other_pool/n03868863_oxygen_mask.JPEG,other,train
graffiti_raw/2019-03-02 16.48.50 1991070573464003949_cargraffiti.jpg,graffiti,train
cracked_sidewalk_raw/crack_with_moss_01.jpg,cracked_sidewalk,train
other_pool/n03874293_paddlewheel.JPEG,other,train
other_pool/n02389026_sorrel.JPEG,other,train
illegal_dumping_raw/trash101.jpg,illegal_dumping,train
graffiti_raw/2018-07-24 07.26.18 1830581806840482431_cargraffiti.jpg,graffiti,train
other_pool/n02843684_birdhouse.JPEG,other,train
cracked_sidewalk_raw/pure_crack_19.jpg,cracked_sidewalk,train
broken_streetlight_raw/20240305_191556.jpg,broken_streetlight,train
pothole_raw/Pothole Dataset/img-598.jpg,pothole,train
pothole_raw/Pothole Dataset/img-179.jpg,pothole,train
pothole_raw/Pothole Dataset/img-1009.jpg,pothole,train
pothole_raw/Pothole Dataset/img-311.jpg,pothole,train
broken_streetlight_raw/WhatsApp Image 2024-03-09 at 20.40.35_1771beaf.jpg,broken_streetlight,train
other_pool/n04111531_rotisserie.JPEG,other,train
graffiti_raw/2019-08-21_19-33-24_UTC.jpg,graffiti,train
graffiti_raw/2019-09-08_15-30-32_UTC.jpg,graffiti,train
graffiti_raw/2018-09-07 22.21.44 1863647406047802832_cargraffiti.jpg,graffiti,train
broken_streetlight_raw/IMG_20240301_065156.jpg,broken_streetlight,train
pothole_raw/Pothole Dataset/img-37.jpg,pothole,train
pothole_raw/Pothole Dataset/img-704.jpg,pothole,train
other_pool/n03259280_Dutch_oven.JPEG,other,train
graffiti_raw/2019-10-27_07-17-32_UTC.jpg,graffiti,train
other_pool/n04367480_swab.JPEG,other,train
broken_streetlight_raw/20240309_192710.jpg,broken_streetlight,train
illegal_dumping_raw/trash60.jpg,illegal_dumping,train
other_pool/n02981792_catamaran.JPEG,other,train
broken_streetlight_raw/20240430_052134.jpg,broken_streetlight,train
broken_streetlight_raw/WhatsApp Image 2024-03-09 at 20.40.35_42419255.jpg,broken_streetlight,train
pothole_raw/Pothole Dataset/img-1233.jpg,pothole,train
other_pool/n07693725_bagel.JPEG,other,train
other_pool/n03661043_library.JPEG,other,train
graffiti_raw/2019-10-28_07-45-17_UTC.jpg,graffiti,train
graffiti_raw/2019-10-27_15-11-29_UTC.jpg,graffiti,train
pothole_raw/Pothole Dataset/img-20.jpg,pothole,train
broken_streetlight_raw/1710175965896.jpg,broken_streetlight,train
graffiti_raw/2019-10-28_00-28-25_UTC_5.jpg,graffiti,train
broken_streetlight_raw/20240305_190254.jpg,broken_streetlight,train
graffiti_raw/2019-10-28_14-19-48_UTC.jpg,graffiti,train
pothole_raw/Pothole Dataset/img-448.jpg,pothole,train
graffiti_raw/2019-02-18 05.26.27 1982029808368008637_cargraffiti.jpg,graffiti,train
other_pool/n02111889_Samoyed.JPEG,other,train
broken_streetlight_raw/1710175965774.jpg,broken_streetlight,train
pothole_raw/Pothole Dataset/img-772.jpg,pothole,train
other_pool/n01855032_red-breasted_merganser.JPEG,other,train
cracked_sidewalk_raw/pure_crack_20.jpg,cracked_sidewalk,train
pothole_raw/Pothole Dataset/img-4.jpg,pothole,train
pothole_raw/Pothole Dataset/img-1229.jpg,pothole,train
pothole_raw/Pothole Dataset/img-728.jpg,pothole,train
pothole_raw/Pothole Dataset/img-842.jpg,pothole,train
graffiti_raw/2019-10-08_17-55-46_UTC_1.jpg,graffiti,train
graffiti_raw/2019-10-28_11-01-23_UTC_8.jpg,graffiti,train
pothole_raw/Pothole Dataset/img-440.jpg,pothole,train
graffiti_raw/2018-09-19 13.09.53 1872066958917771240_cargraffiti.jpg,graffiti,train
pothole_raw/Pothole Dataset/img-1091.jpg,pothole,train
graffiti_raw/2018-09-06 20.43.18 1862873081324909008_cargraffiti.jpg,graffiti,train
graffiti_raw/2019-10-27_22-25-51_UTC_1.jpg,graffiti,train
illegal_dumping_raw/trash114.jpg,illegal_dumping,train
pothole_raw/Pothole Dataset/img-920.jpg,pothole,train
graffiti_raw/2019-10-28_17-31-04_UTC.jpg,graffiti,train
illegal_dumping_raw/trash84.jpg,illegal_dumping,train
illegal_dumping_raw/trash66.jpg,illegal_dumping,train
broken_streetlight_raw/20240309_193237.jpg,broken_streetlight,train
illegal_dumping_raw/trash107.jpg,illegal_dumping,train
pothole_raw/Pothole Dataset/img-292.jpg,pothole,train
broken_streetlight_raw/20240305_192839.jpg,broken_streetlight,train
pothole_raw/Pothole Dataset/img-816.jpg,pothole,train
graffiti_raw/2018-09-20 09.41.32 1872686861220023948_cargraffiti.jpg,graffiti,train
graffiti_raw/2019-10-20_13-13-57_UTC_3.jpg,graffiti,train
other_pool/n02094258_Norwich_terrier.JPEG,other,train
broken_streetlight_raw/20240309_190209.jpg,broken_streetlight,train
graffiti_raw/2019-10-17_16-20-27_UTC_1.jpg,graffiti,train
pothole_raw/Pothole Dataset/img-289.jpg,pothole,train
pothole_raw/Pothole Dataset/img-1029.jpg,pothole,train
illegal_dumping_raw/trash12.jpg,illegal_dumping,train
broken_streetlight_raw/IMG20240307184614.jpg,broken_streetlight,train
illegal_dumping_raw/trash100.jpg,illegal_dumping,train
graffiti_raw/2018-08-30 07.23.06 1857391779009870605_cargraffiti.jpg,graffiti,train
graffiti_raw/2019-10-13_13-48-57_UTC_2.jpg,graffiti,train
graffiti_raw/2018-09-08 13.50.30 1864114863383954258_cargraffiti.jpg,graffiti,train
broken_streetlight_raw/20240305_193535.jpg,broken_streetlight,train
cracked_sidewalk_raw/like_crack_04.jpg,cracked_sidewalk,train
pothole_raw/Pothole Dataset/img-119.jpg,pothole,train
broken_streetlight_raw/WhatsApp Image 2024-03-05 at 21.24.02_7bf51968.jpg,broken_streetlight,train
cracked_sidewalk_raw/pure_crack_04.jpg,cracked_sidewalk,train
graffiti_raw/2019-09-19_20-02-03_UTC.jpg,graffiti,train
pothole_raw/Pothole Dataset/img-862.jpg,pothole,train
graffiti_raw/2019-10-28_00-17-41_UTC_1.jpg,graffiti,train
pothole_raw/Pothole Dataset/img-738.jpg,pothole,train
graffiti_raw/2019-10-28_00-17-41_UTC_2.jpg,graffiti,train
pothole_raw/Pothole Dataset/img-877.jpg,pothole,train
pothole_raw/Pothole Dataset/img-78.jpg,pothole,train
other_pool/n02018795_bustard.JPEG,other,train
pothole_raw/Pothole Dataset/img-520.jpg,pothole,train
graffiti_raw/2018-11-14 20.03.05 1912892566372426168_cargraffiti.jpg,graffiti,train
pothole_raw/Pothole Dataset/img-694.jpg,pothole,train
graffiti_raw/2019-02-12 21.51.11 1978176792325971992_cargraffiti.jpg,graffiti,train
pothole_raw/Pothole Dataset/img-316.jpg,pothole,train
broken_streetlight_raw/20240309_191720.jpg,broken_streetlight,train
pothole_raw/Pothole Dataset/img-538.jpg,pothole,train
broken_streetlight_raw/IMG-20240228-WA0015.jpg,broken_streetlight,train
broken_streetlight_raw/1709693294152.jpg,broken_streetlight,train
broken_streetlight_raw/1709693388274.jpg,broken_streetlight,train
other_pool/n03888605_parallel_bars.JPEG,other,train
pothole_raw/Pothole Dataset/img-109.jpg,pothole,train
broken_streetlight_raw/20240430_051321.jpg,broken_streetlight,train
other_pool/n02108000_EntleBucher.JPEG,other,train
broken_streetlight_raw/20240305_190518.jpg,broken_streetlight,train
broken_streetlight_raw/IMG-20240228-WA0007.jpg,broken_streetlight,train
other_pool/n07860988_dough.JPEG,other,train
graffiti_raw/2018-08-11 10.34.07 1843722299656670891_cargraffiti.jpg,graffiti,train
other_pool/n03478589_half_track.JPEG,other,train
broken_streetlight_raw/IMG-20240301-WA0005.jpg,broken_streetlight,train
other_pool/n03538406_horse_cart.JPEG,other,train
graffiti_raw/2019-01-20 12.34.31 1961226764064013808_cargraffiti.jpg,graffiti,train
other_pool/n03782006_monitor.JPEG,other,train
pothole_raw/Pothole Dataset/img-32.jpg,pothole,train
other_pool/n04133789_sandal.JPEG,other,train
illegal_dumping_raw/trash58.jpg,illegal_dumping,train
other_pool/n02825657_bell_cote.JPEG,other,train
graffiti_raw/2019-10-19_17-42-35_UTC_1.jpg,graffiti,train
pothole_raw/Pothole Dataset/img-406.jpg,pothole,train
graffiti_raw/2018-10-18 11.55.14 1893047881088416265_cargraffiti.jpg,graffiti,train
broken_streetlight_raw/IMG20240307203519.jpg,broken_streetlight,train
graffiti_raw/2019-08-18_21-09-57_UTC.jpg,graffiti,train
pothole_raw/Pothole Dataset/img-324.jpg,pothole,train
other_pool/n04254777_sock.JPEG,other,train
graffiti_raw/2019-02-15 15.07.38 1980148003377586489_cargraffiti.jpg,graffiti,train
broken_streetlight_raw/IMG20240307184612.jpg,broken_streetlight,train
pothole_raw/Pothole Dataset/img-445.jpg,pothole,train
broken_streetlight_raw/IMG_20240301_065208.jpg,broken_streetlight,train
other_pool/n02423022_gazelle.JPEG,other,train
pothole_raw/Pothole Dataset/img-94.jpg,pothole,train
other_pool/n01632777_axolotl.JPEG,other,train
pothole_raw/Pothole Dataset/img-358.jpg,pothole,train
pothole_raw/Pothole Dataset/img-1059.jpg,pothole,train
other_pool/n04532670_viaduct.JPEG,other,train
broken_streetlight_raw/20240309_190657.jpg,broken_streetlight,train
other_pool/n03314780_face_powder.JPEG,other,train
other_pool/n04612504_yawl.JPEG,other,train
broken_streetlight_raw/20240305_192619.jpg,broken_streetlight,train
graffiti_raw/2019-10-26_19-22-04_UTC_2.jpg,graffiti,train
other_pool/n02701002_ambulance.JPEG,other,train
illegal_dumping_raw/trash53.jpg,illegal_dumping,train
other_pool/n07613480_trifle.JPEG,other,train
pothole_raw/Pothole Dataset/img-807.jpg,pothole,train
graffiti_raw/2019-03-15 11.39.30 2000306772078025770_cargraffiti.jpg,graffiti,train
other_pool/n03838899_oboe.JPEG,other,train
broken_streetlight_raw/20240305_190241.jpg,broken_streetlight,train
broken_streetlight_raw/20240305_191641.jpg,broken_streetlight,train
broken_streetlight_raw/20240309_192346.jpg,broken_streetlight,train
broken_streetlight_raw/1710161617685.jpg,broken_streetlight,train
broken_streetlight_raw/20240309_192523.jpg,broken_streetlight,train
pothole_raw/Pothole Dataset/img-698.jpg,pothole,train
illegal_dumping_raw/trash27.jpg,illegal_dumping,train
graffiti_raw/2019-10-27_20-14-34_UTC_1.jpg,graffiti,train
other_pool/n13040303_stinkhorn.JPEG,other,train
graffiti_raw/2018-09-16 02.59.13 1869584832449724625_cargraffiti.jpg,graffiti,train
illegal_dumping_raw/trash10.jpg,illegal_dumping,train
broken_streetlight_raw/IMG-20240228-WA0009.jpg,broken_streetlight,train
other_pool/n04179913_sewing_machine.JPEG,other,train
broken_streetlight_raw/20240305_192353.jpg,broken_streetlight,train
pothole_raw/Pothole Dataset/img-634.jpg,pothole,train
other_pool/n04336792_stretcher.JPEG,other,train
other_pool/n01833805_hummingbird.JPEG,other,train
illegal_dumping_raw/trash75.jpg,illegal_dumping,train
graffiti_raw/2019-10-10_11-03-27_UTC.jpg,graffiti,train
broken_streetlight_raw/1710175965786.jpg,broken_streetlight,train
other_pool/n04201297_shoji.JPEG,other,train
pothole_raw/Pothole Dataset/img-332.jpg,pothole,train
graffiti_raw/2019-02-08 04.07.54 1974742518500562226_cargraffiti.jpg,graffiti,train
graffiti_raw/2019-01-20 12.24.10 1961221560695391840_cargraffiti.jpg,graffiti,train
cracked_sidewalk_raw/pure_crack_30.jpg,cracked_sidewalk,train
illegal_dumping_raw/trash92.jpg,illegal_dumping,train
other_pool/n02231487_walking_stick.JPEG,other,train
other_pool/n01828970_bee_eater.JPEG,other,train
broken_streetlight_raw/20240305_192751.jpg,broken_streetlight,train
illegal_dumping_raw/trash39.jpg,illegal_dumping,train
cracked_sidewalk_raw/like_crack_203.jpg,cracked_sidewalk,train
broken_streetlight_raw/20240309_190943.jpg,broken_streetlight,train
other_pool/n03657121_lens_cap.JPEG,other,train
broken_streetlight_raw/20240309_193111.jpg,broken_streetlight,train
broken_streetlight_raw/IMG-20240303-WA0071.jpg,broken_streetlight,train
graffiti_raw/2019-10-11_05-35-10_UTC_2.jpg,graffiti,train
pothole_raw/Pothole Dataset/img-1008.jpg,pothole,train
graffiti_raw/2018-09-23 04.23.27 1874701099422157811_cargraffiti.jpg,graffiti,train
other_pool/n04005630_prison.JPEG,other,train
broken_streetlight_raw/20240309_194052.jpg,broken_streetlight,train
broken_streetlight_raw/20240305_191243.jpg,broken_streetlight,train
pothole_raw/Pothole Dataset/img-5.jpg,pothole,train
illegal_dumping_raw/trash133.jpg,illegal_dumping,train
illegal_dumping_raw/trash4.jpg,illegal_dumping,train
pothole_raw/Pothole Dataset/img-752.jpg,pothole,train
broken_streetlight_raw/20240305_191039.jpg,broken_streetlight,train
other_pool/n02807133_bathing_cap.JPEG,other,train
other_pool/n02979186_cassette_player.JPEG,other,train
other_pool/n01632458_spotted_salamander.JPEG,other,train
pothole_raw/Pothole Dataset/img-11.jpg,pothole,train
graffiti_raw/2019-02-08 12.11.24 1974985864870615877_cargraffiti.jpg,graffiti,train
graffiti_raw/2019-10-10_22-53-56_UTC.jpg,graffiti,train
pothole_raw/Pothole Dataset/img-1231.jpg,pothole,train
illegal_dumping_raw/trash71.jpg,illegal_dumping,train
pothole_raw/Pothole Dataset/img-537.jpg,pothole,train
other_pool/n03388183_fountain_pen.JPEG,other,train
pothole_raw/Pothole Dataset/img-917.jpg,pothole,train
illegal_dumping_raw/trash110.jpg,illegal_dumping,train
broken_streetlight_raw/20240305_192718.jpg,broken_streetlight,train
pothole_raw/Pothole Dataset/img-436.jpg,pothole,train
graffiti_raw/2019-09-06_20-32-30_UTC.jpg,graffiti,train
illegal_dumping_raw/trash118.jpg,illegal_dumping,train
pothole_raw/Pothole Dataset/img-527.jpg,pothole,train
broken_streetlight_raw/1710175965998.jpg,broken_streetlight,train
cracked_sidewalk_raw/pure_crack_21.jpg,cracked_sidewalk,train
broken_streetlight_raw/WhatsApp Image 2024-03-09 at 19.40.49_4cf65645.jpg,broken_streetlight,train
cracked_sidewalk_raw/crack_with_moss_100.jpg,cracked_sidewalk,train
pothole_raw/Pothole Dataset/img-352.jpg,pothole,train
broken_streetlight_raw/20240409_185841.jpg,broken_streetlight,train
other_pool/n03658185_letter_opener.JPEG,other,train
other_pool/n02108915_French_bulldog.JPEG,other,train
other_pool/n02883205_bow_tie.JPEG,other,train
broken_streetlight_raw/20240409_185848.jpg,broken_streetlight,train
other_pool/n06785654_crossword_puzzle.JPEG,other,train
pothole_raw/Pothole Dataset/img-817.jpg,pothole,train
broken_streetlight_raw/20240309_192558.jpg,broken_streetlight,train
broken_streetlight_raw/20240309_192730.jpg,broken_streetlight,train
graffiti_raw/2019-02-01 11.42.10 1969897725109527850_cargraffiti.jpg,graffiti,train
other_pool/n02910353_buckle.JPEG,other,train
pothole_raw/Pothole Dataset/img-1243.jpg,pothole,train
illegal_dumping_raw/trash109.jpg,illegal_dumping,train
illegal_dumping_raw/trash76.jpg,illegal_dumping,train
graffiti_raw/2019-10-28_15-52-37_UTC_2.jpg,graffiti,train
illegal_dumping_raw/trash95.jpg,illegal_dumping,train
illegal_dumping_raw/trash34.jpg,illegal_dumping,train
graffiti_raw/2019-10-27_19-04-59_UTC_1.jpg,graffiti,train
other_pool/n03873416_paddle.JPEG,other,train
other_pool/n02951585_can_opener.JPEG,other,train
other_pool/n01986214_hermit_crab.JPEG,other,train
cracked_sidewalk_raw/crack_with_moss_03.jpg,cracked_sidewalk,train
graffiti_raw/2019-10-18_06-45-22_UTC.jpg,graffiti,train
pothole_raw/Pothole Dataset/img-655.jpg,pothole,train
broken_streetlight_raw/20240305_193403.jpg,broken_streetlight,train
other_pool/n04372370_switch.JPEG,other,train
broken_streetlight_raw/20240305_193139.jpg,broken_streetlight,train
graffiti_raw/2019-10-25_18-12-44_UTC.jpg,graffiti,train
other_pool/n03786901_mortar.JPEG,other,train
broken_streetlight_raw/20240305_192744.jpg,broken_streetlight,train
other_pool/n01748264_Indian_cobra.JPEG,other,train
broken_streetlight_raw/20240305_193539.jpg,broken_streetlight,train
cracked_sidewalk_raw/pure_crack_17.jpg,cracked_sidewalk,train
graffiti_raw/2019-10-28_14-59-05_UTC.jpg,graffiti,train
other_pool/n04044716_radio_telescope.JPEG,other,train
pothole_raw/Pothole Dataset/img-408.jpg,pothole,train
cracked_sidewalk_raw/crack_noise_03.jpg,cracked_sidewalk,train
graffiti_raw/2019-10-17_16-20-27_UTC_6.jpg,graffiti,train
graffiti_raw/2018-07-22 11.18.47 1829249272895209080_cargraffiti.jpg,graffiti,train
broken_streetlight_raw/20240430_051139.jpg,broken_streetlight,train
graffiti_raw/2018-07-21 13.25.36 1828588320428179353_cargraffiti.jpg,graffiti,train
broken_streetlight_raw/20240309_191113.jpg,broken_streetlight,train
graffiti_raw/2019-04-03 10.49.56 2014052555718656930_cargraffiti.jpg,graffiti,train
other_pool/n02123597_Siamese_cat.JPEG,other,train
other_pool/n01580077_jay.JPEG,other,train
other_pool/n02088466_bloodhound.JPEG,other,train
broken_streetlight_raw/1710161617729.jpg,broken_streetlight,train
cracked_sidewalk_raw/like_crack_06.jpg,cracked_sidewalk,train
illegal_dumping_raw/trash68.jpg,illegal_dumping,train
graffiti_raw/2018-08-07 21.25.09 1841150871717313452_cargraffiti.jpg,graffiti,train
broken_streetlight_raw/20240305_192613.jpg,broken_streetlight,train
broken_streetlight_raw/1710175965862.jpg,broken_streetlight,train
pothole_raw/Pothole Dataset/img-227.jpg,pothole,train
pothole_raw/Pothole Dataset/img-533.jpg,pothole,train
pothole_raw/Pothole Dataset/img-845.jpg,pothole,train
cracked_sidewalk_raw/pure_crack_24.jpg,cracked_sidewalk,train
graffiti_raw/2019-10-28_11-01-23_UTC_3.jpg,graffiti,train
pothole_raw/Pothole Dataset/img-426.jpg,pothole,train
pothole_raw/Pothole Dataset/img-760.jpg,pothole,train
pothole_raw/Pothole Dataset/img-457.jpg,pothole,train
broken_streetlight_raw/20240305_193413.jpg,broken_streetlight,train
broken_streetlight_raw/IMG-20240303-WA0066.jpg,broken_streetlight,train
graffiti_raw/2018-09-13 10.27.13 1867633180744708118_cargraffiti.jpg,graffiti,train
other_pool/n09835506_ballplayer.JPEG,other,train
graffiti_raw/2019-03-25 10.45.53 2007527539632177894_cargraffiti.jpg,graffiti,train
illegal_dumping_raw/trash78.jpg,illegal_dumping,train
pothole_raw/Pothole Dataset/img-241.jpg,pothole,train
broken_streetlight_raw/20240309_192108.jpg,broken_streetlight,train
pothole_raw/Pothole Dataset/img-868.jpg,pothole,train
pothole_raw/Pothole Dataset/img-192.jpg,pothole,train
other_pool/n03062245_cocktail_shaker.JPEG,other,train
broken_streetlight_raw/20240305_193625.jpg,broken_streetlight,train
broken_streetlight_raw/IMG20240307203439.jpg,broken_streetlight,train
graffiti_raw/2018-10-07 19.47.08 1885312862790166813_cargraffiti.jpg,graffiti,train
other_pool/n04532106_vestment.JPEG,other,train
broken_streetlight_raw/20240309_191033.jpg,broken_streetlight,train
illegal_dumping_raw/trash38.jpg,illegal_dumping,train
graffiti_raw/2019-02-08 12.11.24 1974985870356636572_cargraffiti.jpg,graffiti,train
pothole_raw/Pothole Dataset/img-663.jpg,pothole,train
graffiti_raw/2019-10-07_16-00-15_UTC_2.jpg,graffiti,train
broken_streetlight_raw/20240305_191721.jpg,broken_streetlight,train
graffiti_raw/2018-08-16 02.25.13 1847100109235167203_cargraffiti.jpg,graffiti,train
other_pool/n02747177_ashcan.JPEG,other,train
graffiti_raw/2019-04-10_12-25-03_UTC_1.jpg,graffiti,train
other_pool/n02643566_lionfish.JPEG,other,train
cracked_sidewalk_raw/pure_crack_122.jpg,cracked_sidewalk,train
graffiti_raw/2019-05-07_10-06-33_UTC.jpg,graffiti,train
graffiti_raw/2019-09-17_14-45-21_UTC.jpg,graffiti,train
broken_streetlight_raw/20240305_193122.jpg,broken_streetlight,val
pothole_raw/Pothole Dataset/img-1111.jpg,pothole,val
other_pool/n01774384_black_widow.JPEG,other,val
illegal_dumping_raw/trash82.jpg,illegal_dumping,val
other_pool/n02877765_bottlecap.JPEG,other,val
other_pool/n04266014_space_shuttle.JPEG,other,val
pothole_raw/Pothole Dataset/img-709.jpg,pothole,val
illegal_dumping_raw/trash9.jpg,illegal_dumping,val
graffiti_raw/2019-10-20_21-29-40_UTC.jpg,graffiti,val
other_pool/n01753488_horned_viper.JPEG,other,val
graffiti_raw/2019-04-09 06.41.16 2018276051244034803_cargraffiti.jpg,graffiti,val
other_pool/n03759954_microphone.JPEG,other,val
other_pool/n02361337_marmot.JPEG,other,val
other_pool/n01776313_tick.JPEG,other,val
graffiti_raw/2019-10-13_15-09-38_UTC.jpg,graffiti,val
other_pool/n03529860_home_theater.JPEG,other,val
other_pool/n01770081_harvestman.JPEG,other,val
other_pool/n03676483_lipstick.JPEG,other,val
pothole_raw/Pothole Dataset/img-405.jpg,pothole,val
other_pool/n02823428_beer_bottle.JPEG,other,val
pothole_raw/Pothole Dataset/img-628.jpg,pothole,val
pothole_raw/Pothole Dataset/img-744.jpg,pothole,val
pothole_raw/Pothole Dataset/img-912.jpg,pothole,val
graffiti_raw/2019-10-08_14-03-44_UTC_1.jpg,graffiti,val
graffiti_raw/2019-10-08_17-56-16_UTC.jpg,graffiti,val
illegal_dumping_raw/trash6.jpg,illegal_dumping,val
graffiti_raw/2018-11-14 01.19.51 1912327221687683236_cargraffiti.jpg,graffiti,val
broken_streetlight_raw/20240305_193708.jpg,broken_streetlight,val
graffiti_raw/2019-10-28_00-17-41_UTC_3.jpg,graffiti,val
illegal_dumping_raw/trash129.jpg,illegal_dumping,val
other_pool/n02110958_pug.JPEG,other,val
other_pool/n03733131_maypole.JPEG,other,val
broken_streetlight_raw/1709693294162.jpg,broken_streetlight,val
pothole_raw/Pothole Dataset/img-356.jpg,pothole,val
pothole_raw/Pothole Dataset/img-630.jpg,pothole,val
broken_streetlight_raw/IMG-20240228-WA0008.jpg,broken_streetlight,val
pothole_raw/Pothole Dataset/img-471.jpg,pothole,val
illegal_dumping_raw/trash108.jpg,illegal_dumping,val
pothole_raw/Pothole Dataset/img-475.jpg,pothole,val
other_pool/n07768694_pomegranate.JPEG,other,val
pothole_raw/Pothole Dataset/img-306.jpg,pothole,val
illegal_dumping_raw/trash32.jpg,illegal_dumping,val
broken_streetlight_raw/IMG20240307184929_01.jpg,broken_streetlight,val
illegal_dumping_raw/trash85.jpg,illegal_dumping,val
graffiti_raw/2019-01-20 12.34.31 1961226764064026067_cargraffiti.jpg,graffiti,val
pothole_raw/Pothole Dataset/img-279.jpg,pothole,val
pothole_raw/Pothole Dataset/img-197.jpg,pothole,val
pothole_raw/Pothole Dataset/img-792.jpg,pothole,val
broken_streetlight_raw/WhatsApp Image 2024-04-21 at 21.53.06_7c786393.jpg,broken_streetlight,val
graffiti_raw/2018-08-28 14.11.44 1856153022158396782_cargraffiti.jpg,graffiti,val
broken_streetlight_raw/IMG20240307184927_03.jpg,broken_streetlight,val
broken_streetlight_raw/IMG-20240303-WA0080.jpg,broken_streetlight,val
other_pool/n03599486_jinrikisha.JPEG,other,val
cracked_sidewalk_raw/pure_crack_13.jpg,cracked_sidewalk,val
graffiti_raw/2019-03-03_17-29-36_UTC.jpg,graffiti,val
pothole_raw/Pothole Dataset/img-1123.jpg,pothole,val
cracked_sidewalk_raw/like_crack_00.jpg,cracked_sidewalk,val
other_pool/n01494475_hammerhead.JPEG,other,val
broken_streetlight_raw/IMG-20240309-WA0040.jpg,broken_streetlight,val
broken_streetlight_raw/1709693388228.jpg,broken_streetlight,val
pothole_raw/Pothole Dataset/img-1014.jpg,pothole,val
illegal_dumping_raw/trash35.jpg,illegal_dumping,val
pothole_raw/Pothole Dataset/img-260.jpg,pothole,val
broken_streetlight_raw/20240309_192443.jpg,broken_streetlight,val
graffiti_raw/2018-11-04 18.33.53 1905599912767354777_cargraffiti.jpg,graffiti,val
illegal_dumping_raw/trash131.jpg,illegal_dumping,val
pothole_raw/Pothole Dataset/img-1074.jpg,pothole,val
cracked_sidewalk_raw/pure_crack_07.jpg,cracked_sidewalk,val
graffiti_raw/2018-11-22 09.43.00 1918377155899526794_cargraffiti.jpg,graffiti,val
other_pool/n02422106_hartebeest.JPEG,other,val
broken_streetlight_raw/IMG_20240301_065244.jpg,broken_streetlight,val
graffiti_raw/2019-09-07_14-58-13_UTC.jpg,graffiti,val
pothole_raw/Pothole Dataset/img-458.jpg,pothole,val
graffiti_raw/2019-10-07_19-41-13_UTC.jpg,graffiti,val
graffiti_raw/2019-10-28_17-31-13_UTC.jpg,graffiti,val
other_pool/n03544143_hourglass.JPEG,other,val
pothole_raw/Pothole Dataset/img-1107.jpg,pothole,val
other_pool/n04592741_wing.JPEG,other,val
pothole_raw/Pothole Dataset/img-584.jpg,pothole,val
graffiti_raw/2019-10-28_17-31-37_UTC.jpg,graffiti,val
cracked_sidewalk_raw/pure_crack_08.jpg,cracked_sidewalk,val
graffiti_raw/2019-03-06 21.05.37 1994098919698339969_cargraffiti.jpg,graffiti,val
illegal_dumping_raw/trash132.jpg,illegal_dumping,val
broken_streetlight_raw/WhatsApp Image 2024-04-22 at 22.04.39_48ddff56.jpg,broken_streetlight,val
broken_streetlight_raw/IMG-20240228-WA0004.jpg,broken_streetlight,val
other_pool/n02444819_otter.JPEG,other,val
graffiti_raw/2019-10-26_12-00-34_UTC_3.jpg,graffiti,val
broken_streetlight_raw/1710175966226.jpg,broken_streetlight,val
pothole_raw/Pothole Dataset/img-1146.jpg,pothole,val
illegal_dumping_raw/trash52.jpg,illegal_dumping,val
graffiti_raw/2019-10-07_19-39-19_UTC_1.jpg,graffiti,val
broken_streetlight_raw/1710175965799.jpg,broken_streetlight,val
other_pool/n04254120_soap_dispenser.JPEG,other,val
other_pool/n02256656_cicada.JPEG,other,val
broken_streetlight_raw/20240305_193907.jpg,broken_streetlight,val
pothole_raw/Pothole Dataset/img-257.jpg,pothole,val
broken_streetlight_raw/IMG_20240301_065138.jpg,broken_streetlight,val
pothole_raw/Pothole Dataset/img-1130.jpg,pothole,val
broken_streetlight_raw/IMG-20240303-WA0072.jpg,broken_streetlight,val
graffiti_raw/2019-08-22_20-04-26_UTC.jpg,graffiti,val
pothole_raw/Pothole Dataset/img-614.jpg,pothole,val
illegal_dumping_raw/trash51.jpg,illegal_dumping,val
graffiti_raw/2019-09-27_06-54-51_UTC.jpg,graffiti,val
pothole_raw/Pothole Dataset/img-777.jpg,pothole,val
broken_streetlight_raw/WhatsApp Image 2024-03-05 at 21.24.05_b6036d11.jpg,broken_streetlight,val
broken_streetlight_raw/fault -2.jpg,broken_streetlight,val
broken_streetlight_raw/IMG20240307203445.jpg,broken_streetlight,val
other_pool/n03887697_paper_towel.JPEG,other,val
graffiti_raw/2018-12-27 19.28.51 1944040690700582186_cargraffiti.jpg,graffiti,val
other_pool/n03207941_dishwasher.JPEG,other,val
graffiti_raw/2018-11-07 20.35.29 1907835443513202242_cargraffiti.jpg,graffiti,val
pothole_raw/Pothole Dataset/img-421.jpg,pothole,val
other_pool/n02364673_guinea_pig.JPEG,other,val
other_pool/n03902125_pay-phone.JPEG,other,val
other_pool/n01930112_nematode.JPEG,other,val
other_pool/n04479046_trench_coat.JPEG,other,val
graffiti_raw/2018-10-18 06.45.05 1892891778858396231_cargraffiti.jpg,graffiti,val
broken_streetlight_raw/20240305_193714.jpg,broken_streetlight,val
broken_streetlight_raw/20240305_192822.jpg,broken_streetlight,val
broken_streetlight_raw/20240305_193858.jpg,broken_streetlight,val
broken_streetlight_raw/20240305_191551.jpg,broken_streetlight,val
broken_streetlight_raw/20240305_190855.jpg,broken_streetlight,val
graffiti_raw/2019-10-08_11-25-50_UTC.jpg,graffiti,val
pothole_raw/Pothole Dataset/img-801.jpg,pothole,val
graffiti_raw/2019-04-03 10.49.56 2014052559183167619_cargraffiti.jpg,graffiti,val
graffiti_raw/2019-03-22_09-40-34_UTC_1.jpg,graffiti,val
graffiti_raw/2019-09-14_20-05-11_UTC.jpg,graffiti,val
illegal_dumping_raw/trash40.jpg,illegal_dumping,val
cracked_sidewalk_raw/pure_crack_22.jpg,cracked_sidewalk,val
graffiti_raw/2019-01-15 08.45.51 1957487799562595020_cargraffiti.jpg,graffiti,val
pothole_raw/Pothole Dataset/img-1213.jpg,pothole,val
graffiti_raw/2018-10-28 10.42.49 1900259186341110833_cargraffiti.jpg,graffiti,val
cracked_sidewalk_raw/pure_crack_31.jpg,cracked_sidewalk,val
broken_streetlight_raw/1710175966012.jpg,broken_streetlight,val
graffiti_raw/2018-12-15 08.01.42 1934997517805001622_cargraffiti.jpg,graffiti,val
pothole_raw/Pothole Dataset/img-754.jpg,pothole,val
graffiti_raw/2019-10-08_14-57-58_UTC_2.jpg,graffiti,val
broken_streetlight_raw/20240305_192935.jpg,broken_streetlight,val
cracked_sidewalk_raw/pure_crack_23.jpg,cracked_sidewalk,val
pothole_raw/Pothole Dataset/img-133.jpg,pothole,val
other_pool/n04311174_steel_drum.JPEG,other,val
graffiti_raw/2019-08-31_13-48-34_UTC.jpg,graffiti,val
broken_streetlight_raw/WhatsApp Image 2024-03-05 at 21.24.10_1b0de8f2.jpg,broken_streetlight,val
pothole_raw/Pothole Dataset/img-657.jpg,pothole,val
other_pool/n01795545_black_grouse.JPEG,other,val
graffiti_raw/2019-10-27_15-10-14_UTC.jpg,graffiti,val
cracked_sidewalk_raw/like_crack_03.jpg,cracked_sidewalk,val
graffiti_raw/2019-04-04 22.28.03 2015128711732519559_cargraffiti.jpg,graffiti,val
graffiti_raw/2019-10-17_16-20-27_UTC_3.jpg,graffiti,val
graffiti_raw/2014-10-23 23.42.37 838130451809134694_cargraffiti.jpg,graffiti,val
broken_streetlight_raw/WhatsApp Image 2024-04-21 at 21.53.07_7a94d992.jpg,broken_streetlight,val
broken_streetlight_raw/20240305_190944.jpg,broken_streetlight,val
pothole_raw/Pothole Dataset/img-1063.jpg,pothole,val
illegal_dumping_raw/trash105.jpg,illegal_dumping,val
broken_streetlight_raw/IMG-20240303-WA0069.jpg,broken_streetlight,val
graffiti_raw/2018-08-22 09.30.36 1851662869906442651_cargraffiti.jpg,graffiti,val
pothole_raw/Pothole Dataset/img-1215.jpg,pothole,val
graffiti_raw/2019-10-27_20-56-55_UTC.jpg,graffiti,val
pothole_raw/Pothole Dataset/img-45.jpg,pothole,val
graffiti_raw/2019-10-26_14-05-23_UTC.jpg,graffiti,val
other_pool/n03649909_lawn_mower.JPEG,other,val
illegal_dumping_raw/trash125.jpg,illegal_dumping,val
illegal_dumping_raw/trash33.jpg,illegal_dumping,val
broken_streetlight_raw/20240309_193338.jpg,broken_streetlight,val
broken_streetlight_raw/20240305_192831.jpg,broken_streetlight,val
pothole_raw/Pothole Dataset/img-600.jpg,pothole,val
other_pool/n04008634_projectile.JPEG,other,val
broken_streetlight_raw/20240305_191648.jpg,broken_streetlight,val
other_pool/n02447366_badger.JPEG,other,val
broken_streetlight_raw/IMG-20240309-WA0039.jpg,broken_streetlight,val
cracked_sidewalk_raw/noncrack_03.jpg,cracked_sidewalk,val
graffiti_raw/2018-07-19 09.37.06 1827023763566529461_cargraffiti.jpg,graffiti,val
other_pool/n07871810_meat_loaf.JPEG,other,val
other_pool/n03888257_parachute.JPEG,other,val
pothole_raw/Pothole Dataset/img-987.jpg,pothole,val
other_pool/n03445924_golfcart.JPEG,other,val
other_pool/n07717556_butternut_squash.JPEG,other,val
pothole_raw/Pothole Dataset/img-668.jpg,pothole,val
graffiti_raw/2019-10-08_22-08-49_UTC_1.jpg,graffiti,val
other_pool/n07880968_burrito.JPEG,other,val
pothole_raw/Pothole Dataset/img-72.jpg,pothole,val
other_pool/n03777754_modem.JPEG,other,val
illegal_dumping_raw/trash80.jpg,illegal_dumping,val
broken_streetlight_raw/20240309_193551.jpg,broken_streetlight,val
other_pool/n03637318_lampshade.JPEG,other,val
pothole_raw/Pothole Dataset/img-646.jpg,pothole,val
other_pool/n02978881_cassette.JPEG,other,val
graffiti_raw/2019-01-20 12.34.31 1961226769717827939_cargraffiti.jpg,graffiti,val
broken_streetlight_raw/WhatsApp Image 2024-04-21 at 21.53.06_7c63b1a7.jpg,broken_streetlight,val
other_pool/n03958227_plastic_bag.JPEG,other,val
illegal_dumping_raw/trash91.jpg,illegal_dumping,val
graffiti_raw/2019-01-22 01.56.56 1962355405183133938_cargraffiti.jpg,graffiti,val
pothole_raw/Pothole Dataset/img-313.jpg,pothole,val
pothole_raw/Pothole Dataset/img-149.jpg,pothole,val
pothole_raw/Pothole Dataset/img-191.jpg,pothole,val
pothole_raw/Pothole Dataset/img-14.jpg,pothole,val
pothole_raw/Pothole Dataset/img-567.jpg,pothole,val
broken_streetlight_raw/1709693294168.jpg,broken_streetlight,val
other_pool/n04487081_trolleybus.JPEG,other,val
illegal_dumping_raw/trash86.jpg,illegal_dumping,val
illegal_dumping_raw/trash67.jpg,illegal_dumping,val
pothole_raw/Pothole Dataset/img-679.jpg,pothole,val
broken_streetlight_raw/1710175966018.jpg,broken_streetlight,val
graffiti_raw/2019-10-08_17-55-46_UTC_5.jpg,graffiti,val
broken_streetlight_raw/WhatsApp Image 2024-03-05 at 21.24.07_6c0812f6.jpg,broken_streetlight,val
pothole_raw/Pothole Dataset/img-298.jpg,pothole,val
cracked_sidewalk_raw/pure_crack_10.jpg,cracked_sidewalk,val
broken_streetlight_raw/20240430_052112.jpg,broken_streetlight,val
graffiti_raw/2018-10-31 19.19.37 1902693626090280790_cargraffiti.jpg,graffiti,val
broken_streetlight_raw/20240430_051332.jpg,broken_streetlight,val
pothole_raw/Pothole Dataset/img-204.jpg,pothole,val
cracked_sidewalk_raw/like_crack_43.jpg,cracked_sidewalk,val
cracked_sidewalk_raw/pure_crack_00.jpg,cracked_sidewalk,val
graffiti_raw/2019-10-27_01-35-44_UTC_6.jpg,graffiti,val
other_pool/n04141076_sax.JPEG,other,val
illegal_dumping_raw/trash21.jpg,illegal_dumping,val
other_pool/n02999410_chain.JPEG,other,val
graffiti_raw/2019-10-27_09-38-12_UTC.jpg,graffiti,val
other_pool/n02087046_toy_terrier.JPEG,other,test
illegal_dumping_raw/trash121.jpg,illegal_dumping,test
broken_streetlight_raw/20240309_191314.jpg,broken_streetlight,test
other_pool/n04550184_wardrobe.JPEG,other,test
graffiti_raw/2018-09-16 08.38.12 1869755885788339331_cargraffiti.jpg,graffiti,test
broken_streetlight_raw/20240430_052127.jpg,broken_streetlight,test
pothole_raw/Pothole Dataset/img-924.jpg,pothole,test
illegal_dumping_raw/trash55.jpg,illegal_dumping,test
graffiti_raw/2018-08-14 16.06.40 1846064009292535151_cargraffiti.jpg,graffiti,test
broken_streetlight_raw/1710175965876.jpg,broken_streetlight,test
broken_streetlight_raw/IMG_20240301_065548.jpg,broken_streetlight,test
pothole_raw/Pothole Dataset/img-806.jpg,pothole,test
graffiti_raw/2019-10-12_18-03-18_UTC.jpg,graffiti,test
graffiti_raw/2019-02-27 00.13.18 1988395179548412433_cargraffiti.jpg,graffiti,test
graffiti_raw/2019-04-02 11.03.10 2013332419995692320_cargraffiti.jpg,graffiti,test
broken_streetlight_raw/WhatsApp Image 2024-03-05 at 21.24.00_5220789e.jpg,broken_streetlight,test
graffiti_raw/2019-10-12_14-38-18_UTC.jpg,graffiti,test
pothole_raw/Pothole Dataset/img-961.jpg,pothole,test
illegal_dumping_raw/trash72.jpg,illegal_dumping,test
pothole_raw/Pothole Dataset/img-1136.jpg,pothole,test
illegal_dumping_raw/trash128.jpg,illegal_dumping,test
broken_streetlight_raw/20240305_192655.jpg,broken_streetlight,test
graffiti_raw/2019-10-26_12-00-34_UTC_1.jpg,graffiti,test
graffiti_raw/2019-03-22_18-16-40_UTC.jpg,graffiti,test
cracked_sidewalk_raw/pure_crack_11.jpg,cracked_sidewalk,test
broken_streetlight_raw/WhatsApp Image 2024-03-06 at 19.21.03_b424bd02.jpg,broken_streetlight,test
cracked_sidewalk_raw/crack_with_moss_06.jpg,cracked_sidewalk,test
broken_streetlight_raw/20240309_190827.jpg,broken_streetlight,test
graffiti_raw/2019-10-26_07-40-00_UTC_3.jpg,graffiti,test
illegal_dumping_raw/trash87.jpg,illegal_dumping,test
graffiti_raw/2018-11-07 17.24.47 1907739457287525589_cargraffiti.jpg,graffiti,test
pothole_raw/Pothole Dataset/img-1197.jpg,pothole,test
pothole_raw/Pothole Dataset/img-1077.jpg,pothole,test
other_pool/n02704792_amphibian.JPEG,other,test
other_pool/n02895154_breastplate.JPEG,other,test
illegal_dumping_raw/trash130.jpg,illegal_dumping,test
other_pool/n02113186_Cardigan.JPEG,other,test
broken_streetlight_raw/IMG-20240303-WA0074.jpg,broken_streetlight,test
pothole_raw/Pothole Dataset/img-990.jpg,pothole,test
pothole_raw/Pothole Dataset/img-360.jpg,pothole,test
graffiti_raw/2019-10-28_00-28-25_UTC_1.jpg,graffiti,test
graffiti_raw/2019-03-13_00-15-35_UTC.jpg,graffiti,test
graffiti_raw/2019-03-22_18-18-07_UTC.jpg,graffiti,test
broken_streetlight_raw/1710175965744.jpg,broken_streetlight,test
broken_streetlight_raw/1710175966006.jpg,broken_streetlight,test
graffiti_raw/2018-08-13 18.31.38 1845412194454195839_cargraffiti.jpg,graffiti,test
pothole_raw/Pothole Dataset/img-1171.jpg,pothole,test
cracked_sidewalk_raw/crack_with_moss_02.jpg,cracked_sidewalk,test
pothole_raw/Pothole Dataset/img-106.jpg,pothole,test
pothole_raw/Pothole Dataset/img-168.jpg,pothole,test
illegal_dumping_raw/trash20.jpg,illegal_dumping,test
broken_streetlight_raw/20240309_192408.jpg,broken_streetlight,test
broken_streetlight_raw/1709693294390.jpg,broken_streetlight,test
graffiti_raw/2019-01-27 12.04.03 1966284111854598491_cargraffiti.jpg,graffiti,test
pothole_raw/Pothole Dataset/img-980.jpg,pothole,test
pothole_raw/Pothole Dataset/img-85.jpg,pothole,test
broken_streetlight_raw/IMG-20240303-WA0077.jpg,broken_streetlight,test
graffiti_raw/2018-09-02 22.39.51 1860032638603799227_cargraffiti.jpg,graffiti,test
illegal_dumping_raw/trash16.jpg,illegal_dumping,test
pothole_raw/Pothole Dataset/img-892.jpg,pothole,test
graffiti_raw/2018-07-17 06.18.46 1825474385949341777_cargraffiti.jpg,graffiti,test
other_pool/n02102040_English_springer.JPEG,other,test
other_pool/n04149813_scoreboard.JPEG,other,test
graffiti_raw/2019-10-18_23-04-29_UTC_1.jpg,graffiti,test
graffiti_raw/2019-04-13 01.37.17 2021022163389358060_cargraffiti.jpg,graffiti,test
broken_streetlight_raw/1710175965941.jpg,broken_streetlight,test
broken_streetlight_raw/IMG_20240301_065950.jpg,broken_streetlight,test
broken_streetlight_raw/20240305_191802.jpg,broken_streetlight,test
illegal_dumping_raw/trash96.jpg,illegal_dumping,test
pothole_raw/Pothole Dataset/img-823.jpg,pothole,test
pothole_raw/Pothole Dataset/img-331.jpg,pothole,test
pothole_raw/Pothole Dataset/img-400.jpg,pothole,test
graffiti_raw/2018-12-05 00.49.05 1927532026624180463_cargraffiti.jpg,graffiti,test
graffiti_raw/2018-12-25 12.06.20 1942368412709697805_cargraffiti.jpg,graffiti,test
pothole_raw/Pothole Dataset/img-1041.jpg,pothole,test
pothole_raw/Pothole Dataset/img-1180.jpg,pothole,test
other_pool/n02326432_hare.JPEG,other,test
pothole_raw/Pothole Dataset/img-565.jpg,pothole,test
broken_streetlight_raw/20240309_192750.jpg,broken_streetlight,test
graffiti_raw/2018-08-28 03.56.52 1855843547065831271_cargraffiti.jpg,graffiti,test
pothole_raw/Pothole Dataset/img-263.jpg,pothole,test
other_pool/n03874599_padlock.JPEG,other,test
graffiti_raw/2019-04-12 08.11.33 2020495821874965046_cargraffiti.jpg,graffiti,test
graffiti_raw/2019-10-20_13-13-57_UTC_1.jpg,graffiti,test
broken_streetlight_raw/20240309_193229.jpg,broken_streetlight,test
pothole_raw/Pothole Dataset/img-651.jpg,pothole,test
cracked_sidewalk_raw/crack_noise_01.jpg,cracked_sidewalk,test
pothole_raw/Pothole Dataset/img-293.jpg,pothole,test
other_pool/n02486261_patas.JPEG,other,test
illegal_dumping_raw/trash3.jpg,illegal_dumping,test
pothole_raw/Pothole Dataset/img-995.jpg,pothole,test
broken_streetlight_raw/1709693388259.jpg,broken_streetlight,test
other_pool/n04090263_rifle.JPEG,other,test
broken_streetlight_raw/WhatsApp Image 2024-03-05 at 21.24.01_5e6fba50.jpg,broken_streetlight,test
other_pool/n02037110_oystercatcher.JPEG,other,test
other_pool/n07749582_lemon.JPEG,other,test
pothole_raw/Pothole Dataset/img-384.jpg,pothole,test
graffiti_raw/2018-07-26 07.22.26 1832029411583951939_cargraffiti.jpg,graffiti,test
other_pool/n04482393_tricycle.JPEG,other,test
pothole_raw/Pothole Dataset/img-1188.jpg,pothole,test
broken_streetlight_raw/20240305_191715.jpg,broken_streetlight,test
other_pool/n02786058_Band_Aid.JPEG,other,test
other_pool/n04004767_printer.JPEG,other,test
pothole_raw/Pothole Dataset/img-409.jpg,pothole,test
illegal_dumping_raw/trash13.jpg,illegal_dumping,test
pothole_raw/Pothole Dataset/img-902.jpg,pothole,test
pothole_raw/Pothole Dataset/img-672.jpg,pothole,test
broken_streetlight_raw/20240309_192022.jpg,broken_streetlight,test
graffiti_raw/2019-10-08_17-55-46_UTC_2.jpg,graffiti,test
broken_streetlight_raw/IMG20240307184927_01.jpg,broken_streetlight,test
other_pool/n02128757_snow_leopard.JPEG,other,test
other_pool/n01688243_frilled_lizard.JPEG,other,test
other_pool/n03017168_chime.JPEG,other,test
cracked_sidewalk_raw/pure_crack_15.jpg,cracked_sidewalk,test
pothole_raw/Pothole Dataset/img-441.jpg,pothole,test
other_pool/n01798484_prairie_chicken.JPEG,other,test
broken_streetlight_raw/20240305_191048.jpg,broken_streetlight,test
cracked_sidewalk_raw/crack_with_moss_05.jpg,cracked_sidewalk,test
illegal_dumping_raw/trash23.jpg,illegal_dumping,test
broken_streetlight_raw/IMG20240307203446.jpg,broken_streetlight,test
illegal_dumping_raw/trash18.jpg,illegal_dumping,test
graffiti_raw/2019-04-10_12-25-03_UTC_4.jpg,graffiti,test
other_pool/n02480855_gorilla.JPEG,other,test
other_pool/n02111277_Newfoundland.JPEG,other,test
pothole_raw/Pothole Dataset/img-1235.jpg,pothole,test
pothole_raw/Pothole Dataset/img-1167.jpg,pothole,test
illegal_dumping_raw/trash117.jpg,illegal_dumping,test
other_pool/n04418357_theater_curtain.JPEG,other,test
broken_streetlight_raw/IMG20240307184349.jpg,broken_streetlight,test
illegal_dumping_raw/trash93.jpg,illegal_dumping,test
illegal_dumping_raw/trash29.jpg,illegal_dumping,test
broken_streetlight_raw/fault-1.jpg,broken_streetlight,test
broken_streetlight_raw/1710175965751.jpg,broken_streetlight,test
other_pool/n01629819_European_fire_salamander.JPEG,other,test
graffiti_raw/2019-04-16 06.47.56 2023352839144785228_cargraffiti.jpg,graffiti,test
graffiti_raw/2019-10-27_13-34-15_UTC.jpg,graffiti,test
other_pool/n02133161_American_black_bear.JPEG,other,test
other_pool/n04560804_water_jug.JPEG,other,test
pothole_raw/Pothole Dataset/img-888.jpg,pothole,test
illegal_dumping_raw/trash134.jpg,illegal_dumping,test
broken_streetlight_raw/20240309_192506.jpg,broken_streetlight,test
other_pool/n03443371_goblet.JPEG,other,test
broken_streetlight_raw/1710175965954.jpg,broken_streetlight,test
other_pool/n02096437_Dandie_Dinmont.JPEG,other,test
graffiti_raw/2019-10-20_13-13-57_UTC_2.jpg,graffiti,test
graffiti_raw/2019-02-08 12.11.24 1974985864895773998_cargraffiti.jpg,graffiti,test
broken_streetlight_raw/IMG_20240301_065526.jpg,broken_streetlight,test
pothole_raw/Pothole Dataset/img-68.jpg,pothole,test
other_pool/n03796401_moving_van.JPEG,other,test
graffiti_raw/2018-08-30 07.23.06 1857396903148617651_cargraffiti.jpg,graffiti,test
broken_streetlight_raw/fault.jpg,broken_streetlight,test
other_pool/n02129604_tiger.JPEG,other,test
cracked_sidewalk_raw/crack_noise_05.jpg,cracked_sidewalk,test
graffiti_raw/2019-03-14 09.06.52 1999505170916184801_cargraffiti.jpg,graffiti,test
broken_streetlight_raw/1709693388265.jpg,broken_streetlight,test
other_pool/n02492660_howler_monkey.JPEG,other,test
pothole_raw/Pothole Dataset/img-1206.jpg,pothole,test
broken_streetlight_raw/IMG-20240303-WA0068.jpg,broken_streetlight,test
graffiti_raw/2018-08-18 05.05.15 1848630206401399817_cargraffiti.jpg,graffiti,test
pothole_raw/Pothole Dataset/img-296.jpg,pothole,test
pothole_raw/Pothole Dataset/img-770.jpg,pothole,test
graffiti_raw/2019-03-22_18-10-33_UTC.jpg,graffiti,test
graffiti_raw/2018-08-10 21.35.22 1843330342419077955_cargraffiti.jpg,graffiti,test
other_pool/n03344393_fireboat.JPEG,other,test
broken_streetlight_raw/WhatsApp Image 2024-04-21 at 21.53.06_e16647cd.jpg,broken_streetlight,test
pothole_raw/Pothole Dataset/img-654.jpg,pothole,test
cracked_sidewalk_raw/noncrack_08.jpg,cracked_sidewalk,test
cracked_sidewalk_raw/pure_crack_28.jpg,cracked_sidewalk,test
pothole_raw/Pothole Dataset/img-1191.jpg,pothole,test
graffiti_raw/2018-08-24 04.13.11 1852952531204181349_cargraffiti.jpg,graffiti,test
other_pool/n04136333_sarong.JPEG,other,test
graffiti_raw/2018-10-31 19.19.37 1902693618483715896_cargraffiti.jpg,graffiti,test
pothole_raw/Pothole Dataset/img-128.jpg,pothole,test
broken_streetlight_raw/20240309_193548.jpg,broken_streetlight,test
broken_streetlight_raw/20240309_191846.jpg,broken_streetlight,test
graffiti_raw/2018-07-04 21.31.15 1816511570894998900_cargraffiti.jpg,graffiti,test
graffiti_raw/2019-10-14_04-25-14_UTC.jpg,graffiti,test
pothole_raw/Pothole Dataset/img-856.jpg,pothole,test
other_pool/n04515003_upright.JPEG,other,test
pothole_raw/Pothole Dataset/img-52.jpg,pothole,test
graffiti_raw/2019-10-07_16-00-15_UTC_1.jpg,graffiti,test
graffiti_raw/2019-10-08_22-08-49_UTC_4.jpg,graffiti,test
graffiti_raw/2019-01-21 09.53.43 1961870607570516286_cargraffiti.jpg,graffiti,test
other_pool/n02120505_grey_fox.JPEG,other,test
pothole_raw/Pothole Dataset/img-729.jpg,pothole,test
illegal_dumping_raw/trash61.jpg,illegal_dumping,test
graffiti_raw/2018-08-24 13.48.10 1853242052592926955_cargraffiti.jpg,graffiti,test
illegal_dumping_raw/trash70.jpg,illegal_dumping,test
other_pool/n04141327_scabbard.JPEG,other,test
other_pool/n03584254_iPod.JPEG,other,test
other_pool/n01687978_agama.JPEG,other,test
other_pool/n02114855_coyote.JPEG,other,test
broken_streetlight_raw/WhatsApp Image 2024-04-21 at 21.53.07_4ba610d3.jpg,broken_streetlight,test
pothole_raw/Pothole Dataset/img-62.jpg,pothole,test
pothole_raw/Pothole Dataset/img-843.jpg,pothole,test
broken_streetlight_raw/20240409_185645.jpg,broken_streetlight,test
graffiti_raw/2019-10-15_19-51-14_UTC.jpg,graffiti,test
graffiti_raw/2019-10-26_10-43-22_UTC.jpg,graffiti,test
other_pool/n04442312_toaster.JPEG,other,test
pothole_raw/Pothole Dataset/img-340.jpg,pothole,test
broken_streetlight_raw/IMG-20240228-WA0005.jpg,broken_streetlight,test
cracked_sidewalk_raw/noncrack_10.jpg,cracked_sidewalk,test
graffiti_raw/2019-03-22_09-40-34_UTC_2.jpg,graffiti,test
other_pool/n07697537_hotdog.JPEG,other,test
graffiti_raw/2019-04-12 08.17.24 2020498764901712011_cargraffiti.jpg,graffiti,test
cracked_sidewalk_raw/pure_crack_26.jpg,cracked_sidewalk,test
pothole_raw/Pothole Dataset/img-1095.jpg,pothole,test
other_pool/n02860847_bobsled.JPEG,other,test
illegal_dumping_raw/trash69.jpg,illegal_dumping,test
broken_streetlight_raw/WhatsApp Image 2024-03-05 at 21.24.06_d1b41312.jpg,broken_streetlight,test
other_pool/n09428293_seashore.JPEG,other,test
broken_streetlight_raw/1710175965988.jpg,broken_streetlight,test
broken_streetlight_raw/20240305_192639.jpg,broken_streetlight,test
pothole_raw/Pothole Dataset/img-449.jpg,pothole,test
other_pool/n07730033_cardoon.JPEG,other,test
other_pool/n02114548_white_wolf.JPEG,other,test
